sentence_id,text,gold_label,prediction,class_index,class_name,feature_index,feature_text,model_token,shap_value,absolute_shap_value,increases_target_score,margin_shap_value
S1,The film is a beautiful and moving portrait of human resilience.,POS,POS,0,NEG,0,,<|startoftext|>,3.725290298461914e-09,3.725290298461914e-09,1,-1.4901161193847656e-08
S1,The film is a beautiful and moving portrait of human resilience.,POS,POS,1,POS,0,,<|startoftext|>,-1.1175870895385742e-08,1.1175870895385742e-08,0,-1.4901161193847656e-08
S1,The film is a beautiful and moving portrait of human resilience.,POS,POS,0,NEG,1,The ,the</w>,0.0041860975325107574,0.0041860975325107574,1,0.0007917061448097229
S1,The film is a beautiful and moving portrait of human resilience.,POS,POS,1,POS,1,The ,the</w>,0.00497780367732048,0.00497780367732048,1,0.0007917061448097229
S1,The film is a beautiful and moving portrait of human resilience.,POS,POS,0,NEG,2,film ,film</w>,0.030971258878707886,0.030971258878707886,1,0.009246885776519775
S1,The film is a beautiful and moving portrait of human resilience.,POS,POS,1,POS,2,film ,film</w>,0.04021814465522766,0.04021814465522766,1,0.009246885776519775
S1,The film is a beautiful and moving portrait of human resilience.,POS,POS,0,NEG,3,is ,is</w>,0.019767560064792633,0.019767560064792633,1,-6.989389657974243e-05
S1,The film is a beautiful and moving portrait of human resilience.,POS,POS,1,POS,3,is ,is</w>,0.01969766616821289,0.01969766616821289,1,-6.989389657974243e-05
S1,The film is a beautiful and moving portrait of human resilience.,POS,POS,0,NEG,4,a ,a</w>,0.0004873611032962799,0.0004873611032962799,1,-0.00041122734546661377
S1,The film is a beautiful and moving portrait of human resilience.,POS,POS,1,POS,4,a ,a</w>,7.613375782966614e-05,7.613375782966614e-05,1,-0.00041122734546661377
S1,The film is a beautiful and moving portrait of human resilience.,POS,POS,0,NEG,5,beautiful ,beautiful</w>,0.002596203237771988,0.002596203237771988,1,0.005135007202625275
S1,The film is a beautiful and moving portrait of human resilience.,POS,POS,1,POS,5,beautiful ,beautiful</w>,0.007731210440397263,0.007731210440397263,1,0.005135007202625275
S1,The film is a beautiful and moving portrait of human resilience.,POS,POS,0,NEG,6,and ,and</w>,0.0055131688714027405,0.0055131688714027405,1,0.0008389875292778015
S1,The film is a beautiful and moving portrait of human resilience.,POS,POS,1,POS,6,and ,and</w>,0.006352156400680542,0.006352156400680542,1,0.0008389875292778015
S1,The film is a beautiful and moving portrait of human resilience.,POS,POS,0,NEG,7,moving ,moving</w>,-0.00461433082818985,0.00461433082818985,0,0.0005274266004562378
S1,The film is a beautiful and moving portrait of human resilience.,POS,POS,1,POS,7,moving ,moving</w>,-0.004086904227733612,0.004086904227733612,0,0.0005274266004562378
S1,The film is a beautiful and moving portrait of human resilience.,POS,POS,0,NEG,8,portrait ,portrait</w>,-0.013679645955562592,0.013679645955562592,0,0.001405172049999237
S1,The film is a beautiful and moving portrait of human resilience.,POS,POS,1,POS,8,portrait ,portrait</w>,-0.012274473905563354,0.012274473905563354,0,0.001405172049999237
S1,The film is a beautiful and moving portrait of human resilience.,POS,POS,0,NEG,9,of ,of</w>,0.007513180375099182,0.007513180375099182,1,0.0005404595285654068
S1,The film is a beautiful and moving portrait of human resilience.,POS,POS,1,POS,9,of ,of</w>,0.008053639903664589,0.008053639903664589,1,0.0005404595285654068
S1,The film is a beautiful and moving portrait of human resilience.,POS,POS,0,NEG,10,human ,human</w>,-0.007773555815219879,0.007773555815219879,0,0.0008826944977045059
S1,The film is a beautiful and moving portrait of human resilience.,POS,POS,1,POS,10,human ,human</w>,-0.006890861317515373,0.006890861317515373,0,0.0008826944977045059
S1,The film is a beautiful and moving portrait of human resilience.,POS,POS,0,NEG,11,resilience,resilience</w>,-0.004593290388584137,0.004593290388584137,0,0.0004314221441745758
S1,The film is a beautiful and moving portrait of human resilience.,POS,POS,1,POS,11,resilience,resilience</w>,-0.004161868244409561,0.004161868244409561,0,0.0004314221441745758
S1,The film is a beautiful and moving portrait of human resilience.,POS,POS,0,NEG,12,.,.</w>,0.0030757486820220947,0.0030757486820220947,1,0.0003977566957473755
S1,The film is a beautiful and moving portrait of human resilience.,POS,POS,1,POS,12,.,.</w>,0.00347350537776947,0.00347350537776947,1,0.0003977566957473755
S1,The film is a beautiful and moving portrait of human resilience.,POS,POS,0,NEG,13,,<|endoftext|>,-5.960464477539063e-08,5.960464477539063e-08,0,1.1920928955078125e-07
S1,The film is a beautiful and moving portrait of human resilience.,POS,POS,1,POS,13,,<|endoftext|>,5.960464477539063e-08,5.960464477539063e-08,1,1.1920928955078125e-07
S2,This movie is an absolute waste of time and money.,NEG,NEG,0,NEG,0,,<|startoftext|>,-1.862645149230957e-09,1.862645149230957e-09,0,7.450580596923828e-09
S2,This movie is an absolute waste of time and money.,NEG,NEG,1,POS,0,,<|startoftext|>,5.587935447692871e-09,5.587935447692871e-09,1,7.450580596923828e-09
S2,This movie is an absolute waste of time and money.,NEG,NEG,0,NEG,1,This ,this</w>,0.019102146849036217,0.019102146849036217,1,0.0038671493530273438
S2,This movie is an absolute waste of time and money.,NEG,NEG,1,POS,1,This ,this</w>,0.02296929620206356,0.02296929620206356,1,0.0038671493530273438
S2,This movie is an absolute waste of time and money.,NEG,NEG,0,NEG,2,movie ,movie</w>,0.05000739358365536,0.05000739358365536,1,0.009334694594144821
S2,This movie is an absolute waste of time and money.,NEG,NEG,1,POS,2,movie ,movie</w>,0.05934208817780018,0.05934208817780018,1,0.009334694594144821
S2,This movie is an absolute waste of time and money.,NEG,NEG,0,NEG,3,is ,is</w>,0.0008858423680067062,0.0008858423680067062,1,-0.002250317484140396
S2,This movie is an absolute waste of time and money.,NEG,NEG,1,POS,3,is ,is</w>,-0.0013644751161336899,0.0013644751161336899,0,-0.002250317484140396
S2,This movie is an absolute waste of time and money.,NEG,NEG,0,NEG,4,an ,an</w>,0.001017952337861061,0.001017952337861061,1,-0.001695152372121811
S2,This movie is an absolute waste of time and money.,NEG,NEG,1,POS,4,an ,an</w>,-0.0006772000342607498,0.0006772000342607498,0,-0.001695152372121811
S2,This movie is an absolute waste of time and money.,NEG,NEG,0,NEG,5,absolute ,absolute</w>,0.004563936963677406,0.004563936963677406,1,0.002565491944551468
S2,This movie is an absolute waste of time and money.,NEG,NEG,1,POS,5,absolute ,absolute</w>,0.007129428908228874,0.007129428908228874,1,0.002565491944551468
S2,This movie is an absolute waste of time and money.,NEG,NEG,0,NEG,6,waste ,waste</w>,0.01189190149307251,0.01189190149307251,1,-0.007655555382370949
S2,This movie is an absolute waste of time and money.,NEG,NEG,1,POS,6,waste ,waste</w>,0.004236346110701561,0.004236346110701561,1,-0.007655555382370949
S2,This movie is an absolute waste of time and money.,NEG,NEG,0,NEG,7,of ,of</w>,-0.00018562749028205872,0.00018562749028205872,0,-0.00210009329020977
S2,This movie is an absolute waste of time and money.,NEG,NEG,1,POS,7,of ,of</w>,-0.002285720780491829,0.002285720780491829,0,-0.00210009329020977
S2,This movie is an absolute waste of time and money.,NEG,NEG,0,NEG,8,time ,time</w>,-0.0003021135926246643,0.0003021135926246643,0,0.0009346604347229004
S2,This movie is an absolute waste of time and money.,NEG,NEG,1,POS,8,time ,time</w>,0.0006325468420982361,0.0006325468420982361,1,0.0009346604347229004
S2,This movie is an absolute waste of time and money.,NEG,NEG,0,NEG,9,and ,and</w>,0.007732756435871124,0.007732756435871124,1,-0.00045661628246307373
S2,This movie is an absolute waste of time and money.,NEG,NEG,1,POS,9,and ,and</w>,0.0072761401534080505,0.0072761401534080505,1,-0.00045661628246307373
S2,This movie is an absolute waste of time and money.,NEG,NEG,0,NEG,10,money,money</w>,0.0012136884033679962,0.0012136884033679962,1,0.0010260716080665588
S2,This movie is an absolute waste of time and money.,NEG,NEG,1,POS,10,money,money</w>,0.002239760011434555,0.002239760011434555,1,0.0010260716080665588
S2,This movie is an absolute waste of time and money.,NEG,NEG,0,NEG,11,.,.</w>,0.005642462521791458,0.005642462521791458,1,0.0013303235173225403
S2,This movie is an absolute waste of time and money.,NEG,NEG,1,POS,11,.,.</w>,0.006972786039113998,0.006972786039113998,1,0.0013303235173225403
S2,This movie is an absolute waste of time and money.,NEG,NEG,0,NEG,12,,<|endoftext|>,-8.940696716308594e-08,8.940696716308594e-08,0,1.4901161193847656e-07
S2,This movie is an absolute waste of time and money.,NEG,NEG,1,POS,12,,<|endoftext|>,5.960464477539063e-08,5.960464477539063e-08,1,1.4901161193847656e-07
S3,It's a bit slow at times but the performances are outstanding.,POS,NEG,0,NEG,0,,<|startoftext|>,1.30385160446167e-08,1.30385160446167e-08,1,-5.587935447692871e-09
S3,It's a bit slow at times but the performances are outstanding.,POS,NEG,1,POS,0,,<|startoftext|>,7.450580596923828e-09,7.450580596923828e-09,1,-5.587935447692871e-09
S3,It's a bit slow at times but the performances are outstanding.,POS,NEG,0,NEG,1,It,it</w>,0.0032623913139104843,0.0032623913139104843,1,0.0004546660929918289
S3,It's a bit slow at times but the performances are outstanding.,POS,NEG,1,POS,1,It,it</w>,0.0037170574069023132,0.0037170574069023132,1,0.0004546660929918289
S3,It's a bit slow at times but the performances are outstanding.,POS,NEG,0,NEG,2,'s ,'s</w>,0.0038933921605348587,0.0038933921605348587,1,-0.0005878936499357224
S3,It's a bit slow at times but the performances are outstanding.,POS,NEG,1,POS,2,'s ,'s</w>,0.0033054985105991364,0.0033054985105991364,1,-0.0005878936499357224
S3,It's a bit slow at times but the performances are outstanding.,POS,NEG,0,NEG,3,a ,a</w>,0.005494760349392891,0.005494760349392891,1,-0.00031276606023311615
S3,It's a bit slow at times but the performances are outstanding.,POS,NEG,1,POS,3,a ,a</w>,0.005181994289159775,0.005181994289159775,1,-0.00031276606023311615
S3,It's a bit slow at times but the performances are outstanding.,POS,NEG,0,NEG,4,bit ,bit</w>,-0.00019555632025003433,0.00019555632025003433,0,-0.0009442539885640144
S3,It's a bit slow at times but the performances are outstanding.,POS,NEG,1,POS,4,bit ,bit</w>,-0.0011398103088140488,0.0011398103088140488,0,-0.0009442539885640144
S3,It's a bit slow at times but the performances are outstanding.,POS,NEG,0,NEG,5,slow ,slow</w>,-0.014181368984282017,0.014181368984282017,0,-0.0012051882222294807
S3,It's a bit slow at times but the performances are outstanding.,POS,NEG,1,POS,5,slow ,slow</w>,-0.015386557206511497,0.015386557206511497,0,-0.0012051882222294807
S3,It's a bit slow at times but the performances are outstanding.,POS,NEG,0,NEG,6,at ,at</w>,0.0020441515371203423,0.0020441515371203423,1,0.000559772364795208
S3,It's a bit slow at times but the performances are outstanding.,POS,NEG,1,POS,6,at ,at</w>,0.0026039239019155502,0.0026039239019155502,1,0.000559772364795208
S3,It's a bit slow at times but the performances are outstanding.,POS,NEG,0,NEG,7,times ,times</w>,0.0023628203198313713,0.0023628203198313713,1,0.0013872934505343437
S3,It's a bit slow at times but the performances are outstanding.,POS,NEG,1,POS,7,times ,times</w>,0.003750113770365715,0.003750113770365715,1,0.0013872934505343437
S3,It's a bit slow at times but the performances are outstanding.,POS,NEG,0,NEG,8,but ,but</w>,0.01548878476023674,0.01548878476023674,1,0.0006908588111400604
S3,It's a bit slow at times but the performances are outstanding.,POS,NEG,1,POS,8,but ,but</w>,0.0161796435713768,0.0161796435713768,1,0.0006908588111400604
S3,It's a bit slow at times but the performances are outstanding.,POS,NEG,0,NEG,9,the ,the</w>,0.004126077517867088,0.004126077517867088,1,-0.000998539850115776
S3,It's a bit slow at times but the performances are outstanding.,POS,NEG,1,POS,9,the ,the</w>,0.0031275376677513123,0.0031275376677513123,1,-0.000998539850115776
S3,It's a bit slow at times but the performances are outstanding.,POS,NEG,0,NEG,10,performances ,performances</w>,-0.009921709075570107,0.009921709075570107,0,0.0025811810046434402
S3,It's a bit slow at times but the performances are outstanding.,POS,NEG,1,POS,10,performances ,performances</w>,-0.007340528070926666,0.007340528070926666,0,0.0025811810046434402
S3,It's a bit slow at times but the performances are outstanding.,POS,NEG,0,NEG,11,are ,are</w>,-0.0008876863867044449,0.0008876863867044449,0,4.2477622628211975e-05
S3,It's a bit slow at times but the performances are outstanding.,POS,NEG,1,POS,11,are ,are</w>,-0.0008452087640762329,0.0008452087640762329,0,4.2477622628211975e-05
S3,It's a bit slow at times but the performances are outstanding.,POS,NEG,0,NEG,12,outstanding,outstanding</w>,0.007279401645064354,0.007279401645064354,1,0.0026329848915338516
S3,It's a bit slow at times but the performances are outstanding.,POS,NEG,1,POS,12,outstanding,outstanding</w>,0.009912386536598206,0.009912386536598206,1,0.0026329848915338516
S3,It's a bit slow at times but the performances are outstanding.,POS,NEG,0,NEG,13,.,.</w>,0.000958956778049469,0.000958956778049469,1,0.0005295351147651672
S3,It's a bit slow at times but the performances are outstanding.,POS,NEG,1,POS,13,.,.</w>,0.0014884918928146362,0.0014884918928146362,1,0.0005295351147651672
S3,It's a bit slow at times but the performances are outstanding.,POS,NEG,0,NEG,14,,<|endoftext|>,0.0,0.0,0,5.960464477539063e-08
S3,It's a bit slow at times but the performances are outstanding.,POS,NEG,1,POS,14,,<|endoftext|>,5.960464477539063e-08,5.960464477539063e-08,1,5.960464477539063e-08
S4,"A dull, tedious and completely forgettable experience.",NEG,NEG,0,NEG,0,,<|startoftext|>,5.587935447692871e-09,5.587935447692871e-09,1,-1.1175870895385742e-08
S4,"A dull, tedious and completely forgettable experience.",NEG,NEG,1,POS,0,,<|startoftext|>,-5.587935447692871e-09,5.587935447692871e-09,0,-1.1175870895385742e-08
S4,"A dull, tedious and completely forgettable experience.",NEG,NEG,0,NEG,1,A ,a</w>,-0.0004522893577814102,0.0004522893577814102,0,-0.0006475485861301422
S4,"A dull, tedious and completely forgettable experience.",NEG,NEG,1,POS,1,A ,a</w>,-0.0010998379439115524,0.0010998379439115524,0,-0.0006475485861301422
S4,"A dull, tedious and completely forgettable experience.",NEG,NEG,0,NEG,2,dull,dull</w>,0.008606042712926865,0.008606042712926865,1,-0.0019832998514175415
S4,"A dull, tedious and completely forgettable experience.",NEG,NEG,1,POS,2,dull,dull</w>,0.006622742861509323,0.006622742861509323,1,-0.0019832998514175415
S4,"A dull, tedious and completely forgettable experience.",NEG,NEG,0,NEG,3,", ",",</w>",0.006768368184566498,0.006768368184566498,1,0.0012452006340026855
S4,"A dull, tedious and completely forgettable experience.",NEG,NEG,1,POS,3,", ",",</w>",0.008013568818569183,0.008013568818569183,1,0.0012452006340026855
S4,"A dull, tedious and completely forgettable experience.",NEG,NEG,0,NEG,4,te,te,-0.013920864090323448,0.013920864090323448,0,0.0004413910210132599
S4,"A dull, tedious and completely forgettable experience.",NEG,NEG,1,POS,4,te,te,-0.013479473069310188,0.013479473069310188,0,0.0004413910210132599
S4,"A dull, tedious and completely forgettable experience.",NEG,NEG,0,NEG,5,dious ,dious</w>,0.0029536355286836624,0.0029536355286836624,1,0.0011666379868984222
S4,"A dull, tedious and completely forgettable experience.",NEG,NEG,1,POS,5,dious ,dious</w>,0.004120273515582085,0.004120273515582085,1,0.0011666379868984222
S4,"A dull, tedious and completely forgettable experience.",NEG,NEG,0,NEG,6,and ,and</w>,0.002531733363866806,0.002531733363866806,1,0.0011550486087799072
S4,"A dull, tedious and completely forgettable experience.",NEG,NEG,1,POS,6,and ,and</w>,0.0036867819726467133,0.0036867819726467133,1,0.0011550486087799072
S4,"A dull, tedious and completely forgettable experience.",NEG,NEG,0,NEG,7,completely ,completely</w>,0.01588907651603222,0.01588907651603222,1,0.0007858127355575562
S4,"A dull, tedious and completely forgettable experience.",NEG,NEG,1,POS,7,completely ,completely</w>,0.016674889251589775,0.016674889251589775,1,0.0007858127355575562
S4,"A dull, tedious and completely forgettable experience.",NEG,NEG,0,NEG,8,for,for,0.006760803051292896,0.006760803051292896,1,0.0015122871845960617
S4,"A dull, tedious and completely forgettable experience.",NEG,NEG,1,POS,8,for,for,0.008273090235888958,0.008273090235888958,1,0.0015122871845960617
S4,"A dull, tedious and completely forgettable experience.",NEG,NEG,0,NEG,9,gettable ,gettable</w>,0.010384098626673222,0.010384098626673222,1,0.00013298727571964264
S4,"A dull, tedious and completely forgettable experience.",NEG,NEG,1,POS,9,gettable ,gettable</w>,0.010517085902392864,0.010517085902392864,1,0.00013298727571964264
S4,"A dull, tedious and completely forgettable experience.",NEG,NEG,0,NEG,10,experience,experience</w>,-0.0048769619315862656,0.0048769619315862656,0,0.0014945492148399353
S4,"A dull, tedious and completely forgettable experience.",NEG,NEG,1,POS,10,experience,experience</w>,-0.0033824127167463303,0.0033824127167463303,0,0.0014945492148399353
S4,"A dull, tedious and completely forgettable experience.",NEG,NEG,0,NEG,11,.,.</w>,0.0031877774745225906,0.0031877774745225906,1,-0.0007649362087249756
S4,"A dull, tedious and completely forgettable experience.",NEG,NEG,1,POS,11,.,.</w>,0.002422841265797615,0.002422841265797615,1,-0.0007649362087249756
S4,"A dull, tedious and completely forgettable experience.",NEG,NEG,0,NEG,12,,<|endoftext|>,-5.960464477539063e-08,5.960464477539063e-08,0,1.1920928955078125e-07
S4,"A dull, tedious and completely forgettable experience.",NEG,NEG,1,POS,12,,<|endoftext|>,5.960464477539063e-08,5.960464477539063e-08,1,1.1920928955078125e-07
S5,The direction is inspired and the acting is nothing short of brilliant.,POS,POS,0,NEG,0,,<|startoftext|>,-3.725290298461914e-09,3.725290298461914e-09,0,7.450580596923828e-09
S5,The direction is inspired and the acting is nothing short of brilliant.,POS,POS,1,POS,0,,<|startoftext|>,3.725290298461914e-09,3.725290298461914e-09,1,7.450580596923828e-09
S5,The direction is inspired and the acting is nothing short of brilliant.,POS,POS,0,NEG,1,The ,the</w>,0.025976713746786118,0.025976713746786118,1,-0.0010496452450752258
S5,The direction is inspired and the acting is nothing short of brilliant.,POS,POS,1,POS,1,The ,the</w>,0.02492706850171089,0.02492706850171089,1,-0.0010496452450752258
S5,The direction is inspired and the acting is nothing short of brilliant.,POS,POS,0,NEG,2,direction ,direction</w>,-0.02479563094675541,0.02479563094675541,0,0.0007540509104728699
S5,The direction is inspired and the acting is nothing short of brilliant.,POS,POS,1,POS,2,direction ,direction</w>,-0.02404158003628254,0.02404158003628254,0,0.0007540509104728699
S5,The direction is inspired and the acting is nothing short of brilliant.,POS,POS,0,NEG,3,is ,is</w>,0.004631137475371361,0.004631137475371361,1,-8.037686347961426e-05
S5,The direction is inspired and the acting is nothing short of brilliant.,POS,POS,1,POS,3,is ,is</w>,0.0045507606118917465,0.0045507606118917465,1,-8.037686347961426e-05
S5,The direction is inspired and the acting is nothing short of brilliant.,POS,POS,0,NEG,4,inspired ,inspired</w>,0.00918024405837059,0.00918024405837059,1,0.004692681133747101
S5,The direction is inspired and the acting is nothing short of brilliant.,POS,POS,1,POS,4,inspired ,inspired</w>,0.013872925192117691,0.013872925192117691,1,0.004692681133747101
S5,The direction is inspired and the acting is nothing short of brilliant.,POS,POS,0,NEG,5,and ,and</w>,0.011382970958948135,0.011382970958948135,1,0.0005723685026168823
S5,The direction is inspired and the acting is nothing short of brilliant.,POS,POS,1,POS,5,and ,and</w>,0.011955339461565018,0.011955339461565018,1,0.0005723685026168823
S5,The direction is inspired and the acting is nothing short of brilliant.,POS,POS,0,NEG,6,the ,the</w>,0.010769288055598736,0.010769288055598736,1,-4.505738615989685e-05
S5,The direction is inspired and the acting is nothing short of brilliant.,POS,POS,1,POS,6,the ,the</w>,0.010724230669438839,0.010724230669438839,1,-4.505738615989685e-05
S5,The direction is inspired and the acting is nothing short of brilliant.,POS,POS,0,NEG,7,acting ,acting</w>,0.013125444762408733,0.013125444762408733,1,0.0027458742260932922
S5,The direction is inspired and the acting is nothing short of brilliant.,POS,POS,1,POS,7,acting ,acting</w>,0.015871318988502026,0.015871318988502026,1,0.0027458742260932922
S5,The direction is inspired and the acting is nothing short of brilliant.,POS,POS,0,NEG,8,is ,is</w>,0.0016743475571274757,0.0016743475571274757,1,0.001195734366774559
S5,The direction is inspired and the acting is nothing short of brilliant.,POS,POS,1,POS,8,is ,is</w>,0.0028700819239020348,0.0028700819239020348,1,0.001195734366774559
S5,The direction is inspired and the acting is nothing short of brilliant.,POS,POS,0,NEG,9,nothing ,nothing</w>,-0.002753402106463909,0.002753402106463909,0,-0.000660063698887825
S5,The direction is inspired and the acting is nothing short of brilliant.,POS,POS,1,POS,9,nothing ,nothing</w>,-0.003413465805351734,0.003413465805351734,0,-0.000660063698887825
S5,The direction is inspired and the acting is nothing short of brilliant.,POS,POS,0,NEG,10,short ,short</w>,-0.006135917268693447,0.006135917268693447,0,0.0023514945060014725
S5,The direction is inspired and the acting is nothing short of brilliant.,POS,POS,1,POS,10,short ,short</w>,-0.0037844227626919746,0.0037844227626919746,0,0.0023514945060014725
S5,The direction is inspired and the acting is nothing short of brilliant.,POS,POS,0,NEG,11,of ,of</w>,0.009313204325735569,0.009313204325735569,1,0.0009696986526250839
S5,The direction is inspired and the acting is nothing short of brilliant.,POS,POS,1,POS,11,of ,of</w>,0.010282902978360653,0.010282902978360653,1,0.0009696986526250839
S5,The direction is inspired and the acting is nothing short of brilliant.,POS,POS,0,NEG,12,brilliant,brilliant</w>,0.005022840574383736,0.005022840574383736,1,0.003527924418449402
S5,The direction is inspired and the acting is nothing short of brilliant.,POS,POS,1,POS,12,brilliant,brilliant</w>,0.008550764992833138,0.008550764992833138,1,0.003527924418449402
S5,The direction is inspired and the acting is nothing short of brilliant.,POS,POS,0,NEG,13,.,.</w>,-0.003219436854124069,0.003219436854124069,0,-0.0009545758366584778
S5,The direction is inspired and the acting is nothing short of brilliant.,POS,POS,1,POS,13,.,.</w>,-0.004174012690782547,0.004174012690782547,0,-0.0009545758366584778
S5,The direction is inspired and the acting is nothing short of brilliant.,POS,POS,0,NEG,14,,<|endoftext|>,0.0,0.0,0,8.940696716308594e-08
S5,The direction is inspired and the acting is nothing short of brilliant.,POS,POS,1,POS,14,,<|endoftext|>,8.940696716308594e-08,8.940696716308594e-08,1,8.940696716308594e-08
S6,A masterpiece of storytelling with breathtaking visuals and emotion.,POS,POS,0,NEG,0,,<|startoftext|>,1.862645149230957e-09,1.862645149230957e-09,1,0.0
S6,A masterpiece of storytelling with breathtaking visuals and emotion.,POS,POS,1,POS,0,,<|startoftext|>,1.862645149230957e-09,1.862645149230957e-09,1,0.0
S6,A masterpiece of storytelling with breathtaking visuals and emotion.,POS,POS,0,NEG,1,A ,a</w>,-0.001662595197558403,0.001662595197558403,0,-6.808340549468994e-05
S6,A masterpiece of storytelling with breathtaking visuals and emotion.,POS,POS,1,POS,1,A ,a</w>,-0.001730678603053093,0.001730678603053093,0,-6.808340549468994e-05
S6,A masterpiece of storytelling with breathtaking visuals and emotion.,POS,POS,0,NEG,2,masterpiece ,masterpiece</w>,0.020086469128727913,0.020086469128727913,1,0.003717854619026184
S6,A masterpiece of storytelling with breathtaking visuals and emotion.,POS,POS,1,POS,2,masterpiece ,masterpiece</w>,0.023804323747754097,0.023804323747754097,1,0.003717854619026184
S6,A masterpiece of storytelling with breathtaking visuals and emotion.,POS,POS,0,NEG,3,of ,of</w>,0.012158500030636787,0.012158500030636787,1,0.0016507357358932495
S6,A masterpiece of storytelling with breathtaking visuals and emotion.,POS,POS,1,POS,3,of ,of</w>,0.013809235766530037,0.013809235766530037,1,0.0016507357358932495
S6,A masterpiece of storytelling with breathtaking visuals and emotion.,POS,POS,0,NEG,4,storytelling ,storytelling</w>,0.01561298780143261,0.01561298780143261,1,0.0052479468286037445
S6,A masterpiece of storytelling with breathtaking visuals and emotion.,POS,POS,1,POS,4,storytelling ,storytelling</w>,0.020860934630036354,0.020860934630036354,1,0.0052479468286037445
S6,A masterpiece of storytelling with breathtaking visuals and emotion.,POS,POS,0,NEG,5,with ,with</w>,0.007371371611952782,0.007371371611952782,1,0.0018826760351657867
S6,A masterpiece of storytelling with breathtaking visuals and emotion.,POS,POS,1,POS,5,with ,with</w>,0.009254047647118568,0.009254047647118568,1,0.0018826760351657867
S6,A masterpiece of storytelling with breathtaking visuals and emotion.,POS,POS,0,NEG,6,breathtaking ,breathtaking</w>,-0.009791901335120201,0.009791901335120201,0,0.0011512897908687592
S6,A masterpiece of storytelling with breathtaking visuals and emotion.,POS,POS,1,POS,6,breathtaking ,breathtaking</w>,-0.008640611544251442,0.008640611544251442,0,0.0011512897908687592
S6,A masterpiece of storytelling with breathtaking visuals and emotion.,POS,POS,0,NEG,7,visuals ,visuals</w>,-0.010249948129057884,0.010249948129057884,0,0.0023679323494434357
S6,A masterpiece of storytelling with breathtaking visuals and emotion.,POS,POS,1,POS,7,visuals ,visuals</w>,-0.007882015779614449,0.007882015779614449,0,0.0023679323494434357
S6,A masterpiece of storytelling with breathtaking visuals and emotion.,POS,POS,0,NEG,8,and ,and</w>,0.012711398303508759,0.012711398303508759,1,0.000337943434715271
S6,A masterpiece of storytelling with breathtaking visuals and emotion.,POS,POS,1,POS,8,and ,and</w>,0.01304934173822403,0.01304934173822403,1,0.000337943434715271
S6,A masterpiece of storytelling with breathtaking visuals and emotion.,POS,POS,0,NEG,9,emotion,emotion</w>,-0.0013416819274425507,0.0013416819274425507,0,-0.000735357403755188
S6,A masterpiece of storytelling with breathtaking visuals and emotion.,POS,POS,1,POS,9,emotion,emotion</w>,-0.0020770393311977386,0.0020770393311977386,0,-0.000735357403755188
S6,A masterpiece of storytelling with breathtaking visuals and emotion.,POS,POS,0,NEG,10,.,.</w>,-0.003446873277425766,0.003446873277425766,0,-8.612871170043945e-05
S6,A masterpiece of storytelling with breathtaking visuals and emotion.,POS,POS,1,POS,10,.,.</w>,-0.0035330019891262054,0.0035330019891262054,0,-8.612871170043945e-05
S6,A masterpiece of storytelling with breathtaking visuals and emotion.,POS,POS,0,NEG,11,,<|endoftext|>,2.9802322387695312e-08,2.9802322387695312e-08,1,5.960464477539063e-08
S6,A masterpiece of storytelling with breathtaking visuals and emotion.,POS,POS,1,POS,11,,<|endoftext|>,8.940696716308594e-08,8.940696716308594e-08,1,5.960464477539063e-08
S7,Painfully boring and utterly devoid of any originality or charm.,NEG,NEG,0,NEG,0,,<|startoftext|>,1.1175870895385742e-08,1.1175870895385742e-08,1,1.862645149230957e-08
S7,Painfully boring and utterly devoid of any originality or charm.,NEG,NEG,1,POS,0,,<|startoftext|>,2.9802322387695312e-08,2.9802322387695312e-08,1,1.862645149230957e-08
S7,Painfully boring and utterly devoid of any originality or charm.,NEG,NEG,0,NEG,1,Pain,pain,-0.0016412828117609024,0.0016412828117609024,0,-0.003993181511759758
S7,Painfully boring and utterly devoid of any originality or charm.,NEG,NEG,1,POS,1,Pain,pain,-0.00563446432352066,0.00563446432352066,0,-0.003993181511759758
S7,Painfully boring and utterly devoid of any originality or charm.,NEG,NEG,0,NEG,2,fully ,fully</w>,0.015753349289298058,0.015753349289298058,1,-0.0006179790943861008
S7,Painfully boring and utterly devoid of any originality or charm.,NEG,NEG,1,POS,2,fully ,fully</w>,0.015135370194911957,0.015135370194911957,1,-0.0006179790943861008
S7,Painfully boring and utterly devoid of any originality or charm.,NEG,NEG,0,NEG,3,boring ,boring</w>,-0.008585996925830841,0.008585996925830841,0,-0.002195693552494049
S7,Painfully boring and utterly devoid of any originality or charm.,NEG,NEG,1,POS,3,boring ,boring</w>,-0.01078169047832489,0.01078169047832489,0,-0.002195693552494049
S7,Painfully boring and utterly devoid of any originality or charm.,NEG,NEG,0,NEG,4,and ,and</w>,0.010334676131606102,0.010334676131606102,1,0.0007346812635660172
S7,Painfully boring and utterly devoid of any originality or charm.,NEG,NEG,1,POS,4,and ,and</w>,0.01106935739517212,0.01106935739517212,1,0.0007346812635660172
S7,Painfully boring and utterly devoid of any originality or charm.,NEG,NEG,0,NEG,5,utterly ,utterly</w>,0.007686176337301731,0.007686176337301731,1,-0.0008922452107071877
S7,Painfully boring and utterly devoid of any originality or charm.,NEG,NEG,1,POS,5,utterly ,utterly</w>,0.0067939311265945435,0.0067939311265945435,1,-0.0008922452107071877
S7,Painfully boring and utterly devoid of any originality or charm.,NEG,NEG,0,NEG,6,devo,devo,-0.007438268978148699,0.007438268978148699,0,-0.0006223912350833416
S7,Painfully boring and utterly devoid of any originality or charm.,NEG,NEG,1,POS,6,devo,devo,-0.00806066021323204,0.00806066021323204,0,-0.0006223912350833416
S7,Painfully boring and utterly devoid of any originality or charm.,NEG,NEG,0,NEG,7,id ,id</w>,0.017269508447498083,0.017269508447498083,1,-0.0008336729370057583
S7,Painfully boring and utterly devoid of any originality or charm.,NEG,NEG,1,POS,7,id ,id</w>,0.016435835510492325,0.016435835510492325,1,-0.0008336729370057583
S7,Painfully boring and utterly devoid of any originality or charm.,NEG,NEG,0,NEG,8,of ,of</w>,0.005357054062187672,0.005357054062187672,1,0.0006971051916480064
S7,Painfully boring and utterly devoid of any originality or charm.,NEG,NEG,1,POS,8,of ,of</w>,0.006054159253835678,0.006054159253835678,1,0.0006971051916480064
S7,Painfully boring and utterly devoid of any originality or charm.,NEG,NEG,0,NEG,9,any ,any</w>,0.0017123492434620857,0.0017123492434620857,1,0.00027640070766210556
S7,Painfully boring and utterly devoid of any originality or charm.,NEG,NEG,1,POS,9,any ,any</w>,0.0019887499511241913,0.0019887499511241913,1,0.00027640070766210556
S7,Painfully boring and utterly devoid of any originality or charm.,NEG,NEG,0,NEG,10,origin,origin,0.0018432466313242912,0.0018432466313242912,1,0.00027813855558633804
S7,Painfully boring and utterly devoid of any originality or charm.,NEG,NEG,1,POS,10,origin,origin,0.0021213851869106293,0.0021213851869106293,1,0.00027813855558633804
S7,Painfully boring and utterly devoid of any originality or charm.,NEG,NEG,0,NEG,11,ality ,ality</w>,0.0019016927108168602,0.0019016927108168602,1,0.00046132225543260574
S7,Painfully boring and utterly devoid of any originality or charm.,NEG,NEG,1,POS,11,ality ,ality</w>,0.002363014966249466,0.002363014966249466,1,0.00046132225543260574
S7,Painfully boring and utterly devoid of any originality or charm.,NEG,NEG,0,NEG,12,or ,or</w>,0.0005884207785129547,0.0005884207785129547,1,-0.0001459755003452301
S7,Painfully boring and utterly devoid of any originality or charm.,NEG,NEG,1,POS,12,or ,or</w>,0.0004424452781677246,0.0004424452781677246,1,-0.0001459755003452301
S7,Painfully boring and utterly devoid of any originality or charm.,NEG,NEG,0,NEG,13,charm,charm</w>,-0.018892841413617134,0.018892841413617134,0,0.0035099145025014877
S7,Painfully boring and utterly devoid of any originality or charm.,NEG,NEG,1,POS,13,charm,charm</w>,-0.015382926911115646,0.015382926911115646,0,0.0035099145025014877
S7,Painfully boring and utterly devoid of any originality or charm.,NEG,NEG,0,NEG,14,.,.</w>,0.005955716595053673,0.005955716595053673,1,-0.001287335529923439
S7,Painfully boring and utterly devoid of any originality or charm.,NEG,NEG,1,POS,14,.,.</w>,0.004668381065130234,0.004668381065130234,1,-0.001287335529923439
S7,Painfully boring and utterly devoid of any originality or charm.,NEG,NEG,0,NEG,15,,<|endoftext|>,-2.9802322387695312e-08,2.9802322387695312e-08,0,2.9802322387695312e-08
S7,Painfully boring and utterly devoid of any originality or charm.,NEG,NEG,1,POS,15,,<|endoftext|>,0.0,0.0,0,2.9802322387695312e-08
S8,The screenplay is weak but the lead actor delivers a captivating turn.,POS,POS,0,NEG,0,,<|startoftext|>,-7.450580596923828e-09,7.450580596923828e-09,0,1.862645149230957e-08
S8,The screenplay is weak but the lead actor delivers a captivating turn.,POS,POS,1,POS,0,,<|startoftext|>,1.1175870895385742e-08,1.1175870895385742e-08,1,1.862645149230957e-08
S8,The screenplay is weak but the lead actor delivers a captivating turn.,POS,POS,0,NEG,1,The ,the</w>,0.0006395354866981506,0.0006395354866981506,1,-0.0014820955693721771
S8,The screenplay is weak but the lead actor delivers a captivating turn.,POS,POS,1,POS,1,The ,the</w>,-0.0008425600826740265,0.0008425600826740265,0,-0.0014820955693721771
S8,The screenplay is weak but the lead actor delivers a captivating turn.,POS,POS,0,NEG,2,screenplay ,screenplay</w>,0.013995502144098282,0.013995502144098282,1,0.005619926378130913
S8,The screenplay is weak but the lead actor delivers a captivating turn.,POS,POS,1,POS,2,screenplay ,screenplay</w>,0.019615428522229195,0.019615428522229195,1,0.005619926378130913
S8,The screenplay is weak but the lead actor delivers a captivating turn.,POS,POS,0,NEG,3,is ,is</w>,0.006547074764966965,0.006547074764966965,1,0.001012234017252922
S8,The screenplay is weak but the lead actor delivers a captivating turn.,POS,POS,1,POS,3,is ,is</w>,0.007559308782219887,0.007559308782219887,1,0.001012234017252922
S8,The screenplay is weak but the lead actor delivers a captivating turn.,POS,POS,0,NEG,4,weak ,weak</w>,0.01587890088558197,0.01587890088558197,1,-0.0030553825199604034
S8,The screenplay is weak but the lead actor delivers a captivating turn.,POS,POS,1,POS,4,weak ,weak</w>,0.012823518365621567,0.012823518365621567,1,-0.0030553825199604034
S8,The screenplay is weak but the lead actor delivers a captivating turn.,POS,POS,0,NEG,5,but ,but</w>,0.02108495682477951,0.02108495682477951,1,0.0004872269928455353
S8,The screenplay is weak but the lead actor delivers a captivating turn.,POS,POS,1,POS,5,but ,but</w>,0.021572183817625046,0.021572183817625046,1,0.0004872269928455353
S8,The screenplay is weak but the lead actor delivers a captivating turn.,POS,POS,0,NEG,6,the ,the</w>,0.006145251914858818,0.006145251914858818,1,-0.0010661846026778221
S8,The screenplay is weak but the lead actor delivers a captivating turn.,POS,POS,1,POS,6,the ,the</w>,0.005079067312180996,0.005079067312180996,1,-0.0010661846026778221
S8,The screenplay is weak but the lead actor delivers a captivating turn.,POS,POS,0,NEG,7,lead ,lead</w>,0.0003297235816717148,0.0003297235816717148,1,0.0017556631937623024
S8,The screenplay is weak but the lead actor delivers a captivating turn.,POS,POS,1,POS,7,lead ,lead</w>,0.002085386775434017,0.002085386775434017,1,0.0017556631937623024
S8,The screenplay is weak but the lead actor delivers a captivating turn.,POS,POS,0,NEG,8,actor ,actor</w>,-0.0040085818618535995,0.0040085818618535995,0,0.001065845601260662
S8,The screenplay is weak but the lead actor delivers a captivating turn.,POS,POS,1,POS,8,actor ,actor</w>,-0.0029427362605929375,0.0029427362605929375,0,0.001065845601260662
S8,The screenplay is weak but the lead actor delivers a captivating turn.,POS,POS,0,NEG,9,delivers ,delivers</w>,0.006809646263718605,0.006809646263718605,1,0.0028286194428801537
S8,The screenplay is weak but the lead actor delivers a captivating turn.,POS,POS,1,POS,9,delivers ,delivers</w>,0.009638265706598759,0.009638265706598759,1,0.0028286194428801537
S8,The screenplay is weak but the lead actor delivers a captivating turn.,POS,POS,0,NEG,10,a ,a</w>,-0.0016763228923082352,0.0016763228923082352,0,-0.0003098445013165474
S8,The screenplay is weak but the lead actor delivers a captivating turn.,POS,POS,1,POS,10,a ,a</w>,-0.0019861673936247826,0.0019861673936247826,0,-0.0003098445013165474
S8,The screenplay is weak but the lead actor delivers a captivating turn.,POS,POS,0,NEG,11,captivating ,captivating</w>,0.0010146107524633408,0.0010146107524633408,1,0.007835178636014462
S8,The screenplay is weak but the lead actor delivers a captivating turn.,POS,POS,1,POS,11,captivating ,captivating</w>,0.008849789388477802,0.008849789388477802,1,0.007835178636014462
S8,The screenplay is weak but the lead actor delivers a captivating turn.,POS,POS,0,NEG,12,turn,turn</w>,-0.010698843747377396,0.010698843747377396,0,-0.0003693085163831711
S8,The screenplay is weak but the lead actor delivers a captivating turn.,POS,POS,1,POS,12,turn,turn</w>,-0.011068152263760567,0.011068152263760567,0,-0.0003693085163831711
S8,The screenplay is weak but the lead actor delivers a captivating turn.,POS,POS,0,NEG,13,.,.</w>,0.002391129732131958,0.002391129732131958,1,6.103143095970154e-05
S8,The screenplay is weak but the lead actor delivers a captivating turn.,POS,POS,1,POS,13,.,.</w>,0.0024521611630916595,0.0024521611630916595,1,6.103143095970154e-05
S8,The screenplay is weak but the lead actor delivers a captivating turn.,POS,POS,0,NEG,14,,<|endoftext|>,-8.940696716308594e-08,8.940696716308594e-08,0,1.4901161193847656e-07
S8,The screenplay is weak but the lead actor delivers a captivating turn.,POS,POS,1,POS,14,,<|endoftext|>,5.960464477539063e-08,5.960464477539063e-08,1,1.4901161193847656e-07
S9,A hollow and disappointing sequel that betrays everything the original stood for.,NEG,NEG,0,NEG,0,,<|startoftext|>,-1.6763806343078613e-08,1.6763806343078613e-08,0,1.1175870895385742e-08
S9,A hollow and disappointing sequel that betrays everything the original stood for.,NEG,NEG,1,POS,0,,<|startoftext|>,-5.587935447692871e-09,5.587935447692871e-09,0,1.1175870895385742e-08
S9,A hollow and disappointing sequel that betrays everything the original stood for.,NEG,NEG,0,NEG,1,A ,a</w>,-0.004607418552041054,0.004607418552041054,0,-0.0001111440360546112
S9,A hollow and disappointing sequel that betrays everything the original stood for.,NEG,NEG,1,POS,1,A ,a</w>,-0.004718562588095665,0.004718562588095665,0,-0.0001111440360546112
S9,A hollow and disappointing sequel that betrays everything the original stood for.,NEG,NEG,0,NEG,2,hollow ,hollow</w>,-0.020059924572706223,0.020059924572706223,0,0.0011179447174072266
S9,A hollow and disappointing sequel that betrays everything the original stood for.,NEG,NEG,1,POS,2,hollow ,hollow</w>,-0.018941979855298996,0.018941979855298996,0,0.0011179447174072266
S9,A hollow and disappointing sequel that betrays everything the original stood for.,NEG,NEG,0,NEG,3,and ,and</w>,0.01487722247838974,0.01487722247838974,1,0.0009563565254211426
S9,A hollow and disappointing sequel that betrays everything the original stood for.,NEG,NEG,1,POS,3,and ,and</w>,0.015833579003810883,0.015833579003810883,1,0.0009563565254211426
S9,A hollow and disappointing sequel that betrays everything the original stood for.,NEG,NEG,0,NEG,4,disappointing ,disappointing</w>,0.01812742557376623,0.01812742557376623,1,-0.0038630813360214233
S9,A hollow and disappointing sequel that betrays everything the original stood for.,NEG,NEG,1,POS,4,disappointing ,disappointing</w>,0.014264344237744808,0.014264344237744808,1,-0.0038630813360214233
S9,A hollow and disappointing sequel that betrays everything the original stood for.,NEG,NEG,0,NEG,5,sequel ,sequel</w>,0.05766048561781645,0.05766048561781645,1,0.004191868007183075
S9,A hollow and disappointing sequel that betrays everything the original stood for.,NEG,NEG,1,POS,5,sequel ,sequel</w>,0.06185235362499952,0.06185235362499952,1,0.004191868007183075
S9,A hollow and disappointing sequel that betrays everything the original stood for.,NEG,NEG,0,NEG,6,that ,that</w>,0.007968911901116371,0.007968911901116371,1,5.46574592590332e-05
S9,A hollow and disappointing sequel that betrays everything the original stood for.,NEG,NEG,1,POS,6,that ,that</w>,0.008023569360375404,0.008023569360375404,1,5.46574592590332e-05
S9,A hollow and disappointing sequel that betrays everything the original stood for.,NEG,NEG,0,NEG,7,betra,betra,0.015075002796947956,0.015075002796947956,1,0.0013265926390886307
S9,A hollow and disappointing sequel that betrays everything the original stood for.,NEG,NEG,1,POS,7,betra,betra,0.016401595436036587,0.016401595436036587,1,0.0013265926390886307
S9,A hollow and disappointing sequel that betrays everything the original stood for.,NEG,NEG,0,NEG,8,ys ,ys</w>,-0.014812751673161983,0.014812751673161983,0,-0.0021059270948171616
S9,A hollow and disappointing sequel that betrays everything the original stood for.,NEG,NEG,1,POS,8,ys ,ys</w>,-0.016918678767979145,0.016918678767979145,0,-0.0021059270948171616
S9,A hollow and disappointing sequel that betrays everything the original stood for.,NEG,NEG,0,NEG,9,everything ,everything</w>,0.008949791081249714,0.008949791081249714,1,0.00010312534868717194
S9,A hollow and disappointing sequel that betrays everything the original stood for.,NEG,NEG,1,POS,9,everything ,everything</w>,0.009052916429936886,0.009052916429936886,1,0.00010312534868717194
S9,A hollow and disappointing sequel that betrays everything the original stood for.,NEG,NEG,0,NEG,10,the ,the</w>,-0.0010600900277495384,0.0010600900277495384,0,7.146783173084259e-05
S9,A hollow and disappointing sequel that betrays everything the original stood for.,NEG,NEG,1,POS,10,the ,the</w>,-0.0009886221960186958,0.0009886221960186958,0,7.146783173084259e-05
S9,A hollow and disappointing sequel that betrays everything the original stood for.,NEG,NEG,0,NEG,11,original ,original</w>,0.002726522274315357,0.002726522274315357,1,-0.00046292319893836975
S9,A hollow and disappointing sequel that betrays everything the original stood for.,NEG,NEG,1,POS,11,original ,original</w>,0.0022635990753769875,0.0022635990753769875,1,-0.00046292319893836975
S9,A hollow and disappointing sequel that betrays everything the original stood for.,NEG,NEG,0,NEG,12,stood ,stood</w>,-0.01413243543356657,0.01413243543356657,0,0.0002457350492477417
S9,A hollow and disappointing sequel that betrays everything the original stood for.,NEG,NEG,1,POS,12,stood ,stood</w>,-0.013886700384318829,0.013886700384318829,0,0.0002457350492477417
S9,A hollow and disappointing sequel that betrays everything the original stood for.,NEG,NEG,0,NEG,13,for,for</w>,0.0044197384268045425,0.0044197384268045425,1,0.0005203448235988617
S9,A hollow and disappointing sequel that betrays everything the original stood for.,NEG,NEG,1,POS,13,for,for</w>,0.004940083250403404,0.004940083250403404,1,0.0005203448235988617
S9,A hollow and disappointing sequel that betrays everything the original stood for.,NEG,NEG,0,NEG,14,.,.</w>,0.0021891556680202484,0.0021891556680202484,1,-0.00021743029356002808
S9,A hollow and disappointing sequel that betrays everything the original stood for.,NEG,NEG,1,POS,14,.,.</w>,0.0019717253744602203,0.0019717253744602203,1,-0.00021743029356002808
S9,A hollow and disappointing sequel that betrays everything the original stood for.,NEG,NEG,0,NEG,15,,<|endoftext|>,-2.9802322387695312e-08,2.9802322387695312e-08,0,5.960464477539063e-08
S9,A hollow and disappointing sequel that betrays everything the original stood for.,NEG,NEG,1,POS,15,,<|endoftext|>,2.9802322387695312e-08,2.9802322387695312e-08,1,5.960464477539063e-08
S10,"Funny, heartfelt and endlessly entertaining from beginning to end.",POS,POS,0,NEG,0,,<|startoftext|>,-3.725290298461914e-09,3.725290298461914e-09,0,-1.4901161193847656e-08
S10,"Funny, heartfelt and endlessly entertaining from beginning to end.",POS,POS,1,POS,0,,<|startoftext|>,-1.862645149230957e-08,1.862645149230957e-08,0,-1.4901161193847656e-08
S10,"Funny, heartfelt and endlessly entertaining from beginning to end.",POS,POS,0,NEG,1,Funny,funny</w>,0.022830229252576828,0.022830229252576828,1,0.00083942711353302
S10,"Funny, heartfelt and endlessly entertaining from beginning to end.",POS,POS,1,POS,1,Funny,funny</w>,0.023669656366109848,0.023669656366109848,1,0.00083942711353302
S10,"Funny, heartfelt and endlessly entertaining from beginning to end.",POS,POS,0,NEG,2,", ",",</w>",-0.0017359182238578796,0.0017359182238578796,0,-2.2083520889282227e-05
S10,"Funny, heartfelt and endlessly entertaining from beginning to end.",POS,POS,1,POS,2,", ",",</w>",-0.0017580017447471619,0.0017580017447471619,0,-2.2083520889282227e-05
S10,"Funny, heartfelt and endlessly entertaining from beginning to end.",POS,POS,0,NEG,3,heartfelt ,heartfelt</w>,0.0002945326268672943,0.0002945326268672943,1,0.002548299729824066
S10,"Funny, heartfelt and endlessly entertaining from beginning to end.",POS,POS,1,POS,3,heartfelt ,heartfelt</w>,0.0028428323566913605,0.0028428323566913605,1,0.002548299729824066
S10,"Funny, heartfelt and endlessly entertaining from beginning to end.",POS,POS,0,NEG,4,and ,and</w>,0.003990869969129562,0.003990869969129562,1,0.0017624571919441223
S10,"Funny, heartfelt and endlessly entertaining from beginning to end.",POS,POS,1,POS,4,and ,and</w>,0.005753327161073685,0.005753327161073685,1,0.0017624571919441223
S10,"Funny, heartfelt and endlessly entertaining from beginning to end.",POS,POS,0,NEG,5,endlessly ,endlessly</w>,0.006494014523923397,0.006494014523923397,1,0.0014618057757616043
S10,"Funny, heartfelt and endlessly entertaining from beginning to end.",POS,POS,1,POS,5,endlessly ,endlessly</w>,0.007955820299685001,0.007955820299685001,1,0.0014618057757616043
S10,"Funny, heartfelt and endlessly entertaining from beginning to end.",POS,POS,0,NEG,6,entertaining ,entertaining</w>,0.019130016677081585,0.019130016677081585,1,0.005409104749560356
S10,"Funny, heartfelt and endlessly entertaining from beginning to end.",POS,POS,1,POS,6,entertaining ,entertaining</w>,0.02453912142664194,0.02453912142664194,1,0.005409104749560356
S10,"Funny, heartfelt and endlessly entertaining from beginning to end.",POS,POS,0,NEG,7,from ,from</w>,-0.0020621949806809425,0.0020621949806809425,0,0.0015347041189670563
S10,"Funny, heartfelt and endlessly entertaining from beginning to end.",POS,POS,1,POS,7,from ,from</w>,-0.0005274908617138863,0.0005274908617138863,0,0.0015347041189670563
S10,"Funny, heartfelt and endlessly entertaining from beginning to end.",POS,POS,0,NEG,8,beginning ,beginning</w>,-0.003246535547077656,0.003246535547077656,0,0.0021382980048656464
S10,"Funny, heartfelt and endlessly entertaining from beginning to end.",POS,POS,1,POS,8,beginning ,beginning</w>,-0.0011082375422120094,0.0011082375422120094,0,0.0021382980048656464
S10,"Funny, heartfelt and endlessly entertaining from beginning to end.",POS,POS,0,NEG,9,to ,to</w>,-0.00036567170172929764,0.00036567170172929764,0,0.0006780382245779037
S10,"Funny, heartfelt and endlessly entertaining from beginning to end.",POS,POS,1,POS,9,to ,to</w>,0.0003123665228486061,0.0003123665228486061,1,0.0006780382245779037
S10,"Funny, heartfelt and endlessly entertaining from beginning to end.",POS,POS,0,NEG,10,end,end</w>,-0.0007890062406659126,0.0007890062406659126,0,-0.00025179795920848846
S10,"Funny, heartfelt and endlessly entertaining from beginning to end.",POS,POS,1,POS,10,end,end</w>,-0.001040804199874401,0.001040804199874401,0,-0.00025179795920848846
S10,"Funny, heartfelt and endlessly entertaining from beginning to end.",POS,POS,0,NEG,11,.,.</w>,0.0021335314959287643,0.0021335314959287643,1,0.00027226656675338745
S10,"Funny, heartfelt and endlessly entertaining from beginning to end.",POS,POS,1,POS,11,.,.</w>,0.002405798062682152,0.002405798062682152,1,0.00027226656675338745
S10,"Funny, heartfelt and endlessly entertaining from beginning to end.",POS,POS,0,NEG,12,,<|endoftext|>,2.9802322387695312e-08,2.9802322387695312e-08,1,2.9802322387695312e-08
S10,"Funny, heartfelt and endlessly entertaining from beginning to end.",POS,POS,1,POS,12,,<|endoftext|>,5.960464477539063e-08,5.960464477539063e-08,1,2.9802322387695312e-08
D01,"It's just disappointingly superficial—a movie that has all the elements necessary to be a fascinating, involving character study, but never does more than scratch the surface.",NEG,POS,0,NEG,0,,<|startoftext|>,0.0027511646705014364,0.0027511646705014364,1,-0.0007381016122443335
D01,"It's just disappointingly superficial—a movie that has all the elements necessary to be a fascinating, involving character study, but never does more than scratch the surface.",NEG,POS,1,POS,0,,<|startoftext|>,0.002013063058257103,0.002013063058257103,1,-0.0007381016122443335
D01,"It's just disappointingly superficial—a movie that has all the elements necessary to be a fascinating, involving character study, but never does more than scratch the surface.",NEG,POS,0,NEG,1,It,it</w>,0.007668609331761087,0.007668609331761087,1,-0.0005592690514666689
D01,"It's just disappointingly superficial—a movie that has all the elements necessary to be a fascinating, involving character study, but never does more than scratch the surface.",NEG,POS,1,POS,1,It,it</w>,0.007109340280294418,0.007109340280294418,1,-0.0005592690514666689
D01,"It's just disappointingly superficial—a movie that has all the elements necessary to be a fascinating, involving character study, but never does more than scratch the surface.",NEG,POS,0,NEG,2,'s ,'s</w>,0.006381428401385034,0.006381428401385034,1,-4.385837486811997e-05
D01,"It's just disappointingly superficial—a movie that has all the elements necessary to be a fascinating, involving character study, but never does more than scratch the surface.",NEG,POS,1,POS,2,'s ,'s</w>,0.006337570026516914,0.006337570026516914,1,-4.385837486811997e-05
D01,"It's just disappointingly superficial—a movie that has all the elements necessary to be a fascinating, involving character study, but never does more than scratch the surface.",NEG,POS,0,NEG,3,just ,just</w>,0.007690914507423128,0.007690914507423128,1,2.1956328834806665e-05
D01,"It's just disappointingly superficial—a movie that has all the elements necessary to be a fascinating, involving character study, but never does more than scratch the surface.",NEG,POS,1,POS,3,just ,just</w>,0.007712870836257935,0.007712870836257935,1,2.1956328834806665e-05
D01,"It's just disappointingly superficial—a movie that has all the elements necessary to be a fascinating, involving character study, but never does more than scratch the surface.",NEG,POS,0,NEG,4,disappo,disappo,0.003131518051737831,0.003131518051737831,1,-0.0013108500944716591
D01,"It's just disappointingly superficial—a movie that has all the elements necessary to be a fascinating, involving character study, but never does more than scratch the surface.",NEG,POS,1,POS,4,disappo,disappo,0.0018206679572661717,0.0018206679572661717,1,-0.0013108500944716591
D01,"It's just disappointingly superficial—a movie that has all the elements necessary to be a fascinating, involving character study, but never does more than scratch the surface.",NEG,POS,0,NEG,5,int,int,0.0051664988554659345,0.0051664988554659345,1,-0.0007679374622447154
D01,"It's just disappointingly superficial—a movie that has all the elements necessary to be a fascinating, involving character study, but never does more than scratch the surface.",NEG,POS,1,POS,5,int,int,0.004398561393221219,0.004398561393221219,1,-0.0007679374622447154
D01,"It's just disappointingly superficial—a movie that has all the elements necessary to be a fascinating, involving character study, but never does more than scratch the surface.",NEG,POS,0,NEG,6,ingly ,ingly</w>,0.02323327763449578,0.02323327763449578,1,0.0015403325004237044
D01,"It's just disappointingly superficial—a movie that has all the elements necessary to be a fascinating, involving character study, but never does more than scratch the surface.",NEG,POS,1,POS,6,ingly ,ingly</w>,0.024773610134919483,0.024773610134919483,1,0.0015403325004237044
D01,"It's just disappointingly superficial—a movie that has all the elements necessary to be a fascinating, involving character study, but never does more than scratch the surface.",NEG,POS,0,NEG,7,super,super,-0.0033444948494434357,0.0033444948494434357,0,-0.000466139055788517
D01,"It's just disappointingly superficial—a movie that has all the elements necessary to be a fascinating, involving character study, but never does more than scratch the surface.",NEG,POS,1,POS,7,super,super,-0.0038106339052319527,0.0038106339052319527,0,-0.000466139055788517
D01,"It's just disappointingly superficial—a movie that has all the elements necessary to be a fascinating, involving character study, but never does more than scratch the surface.",NEG,POS,0,NEG,8,ficial,ficial</w>,-0.011790083721280098,0.011790083721280098,0,-0.0010533342137932777
D01,"It's just disappointingly superficial—a movie that has all the elements necessary to be a fascinating, involving character study, but never does more than scratch the surface.",NEG,POS,1,POS,8,ficial,ficial</w>,-0.012843417935073376,0.012843417935073376,0,-0.0010533342137932777
D01,"It's just disappointingly superficial—a movie that has all the elements necessary to be a fascinating, involving character study, but never does more than scratch the surface.",NEG,POS,0,NEG,9,—,âĢĶ</w>,-0.009251989424228668,0.009251989424228668,0,-0.00017993804067373276
D01,"It's just disappointingly superficial—a movie that has all the elements necessary to be a fascinating, involving character study, but never does more than scratch the surface.",NEG,POS,1,POS,9,—,âĢĶ</w>,-0.009431927464902401,0.009431927464902401,0,-0.00017993804067373276
D01,"It's just disappointingly superficial—a movie that has all the elements necessary to be a fascinating, involving character study, but never does more than scratch the surface.",NEG,POS,0,NEG,10,a ,a</w>,-0.008270425722002983,0.008270425722002983,0,-0.00021555926650762558
D01,"It's just disappointingly superficial—a movie that has all the elements necessary to be a fascinating, involving character study, but never does more than scratch the surface.",NEG,POS,1,POS,10,a ,a</w>,-0.008485984988510609,0.008485984988510609,0,-0.00021555926650762558
D01,"It's just disappointingly superficial—a movie that has all the elements necessary to be a fascinating, involving character study, but never does more than scratch the surface.",NEG,POS,0,NEG,11,movie ,movie</w>,0.034475889056921005,0.034475889056921005,1,0.008793816901743412
D01,"It's just disappointingly superficial—a movie that has all the elements necessary to be a fascinating, involving character study, but never does more than scratch the surface.",NEG,POS,1,POS,11,movie ,movie</w>,0.04326970595866442,0.04326970595866442,1,0.008793816901743412
D01,"It's just disappointingly superficial—a movie that has all the elements necessary to be a fascinating, involving character study, but never does more than scratch the surface.",NEG,POS,0,NEG,12,that ,that</w>,0.003030054271221161,0.003030054271221161,1,0.0019918186590075493
D01,"It's just disappointingly superficial—a movie that has all the elements necessary to be a fascinating, involving character study, but never does more than scratch the surface.",NEG,POS,1,POS,12,that ,that</w>,0.00502187293022871,0.00502187293022871,1,0.0019918186590075493
D01,"It's just disappointingly superficial—a movie that has all the elements necessary to be a fascinating, involving character study, but never does more than scratch the surface.",NEG,POS,0,NEG,13,has ,has</w>,0.0006713448092341423,0.0006713448092341423,1,0.0007941210642457008
D01,"It's just disappointingly superficial—a movie that has all the elements necessary to be a fascinating, involving character study, but never does more than scratch the surface.",NEG,POS,1,POS,13,has ,has</w>,0.0014654658734798431,0.0014654658734798431,1,0.0007941210642457008
D01,"It's just disappointingly superficial—a movie that has all the elements necessary to be a fascinating, involving character study, but never does more than scratch the surface.",NEG,POS,0,NEG,14,all ,all</w>,0.00028590578585863113,0.00028590578585863113,1,0.0010042814537882805
D01,"It's just disappointingly superficial—a movie that has all the elements necessary to be a fascinating, involving character study, but never does more than scratch the surface.",NEG,POS,1,POS,14,all ,all</w>,0.0012901872396469116,0.0012901872396469116,1,0.0010042814537882805
D01,"It's just disappointingly superficial—a movie that has all the elements necessary to be a fascinating, involving character study, but never does more than scratch the surface.",NEG,POS,0,NEG,15,the ,the</w>,-0.0029861871153116226,0.0029861871153116226,0,-3.037136048078537e-05
D01,"It's just disappointingly superficial—a movie that has all the elements necessary to be a fascinating, involving character study, but never does more than scratch the surface.",NEG,POS,1,POS,15,the ,the</w>,-0.003016558475792408,0.003016558475792408,0,-3.037136048078537e-05
D01,"It's just disappointingly superficial—a movie that has all the elements necessary to be a fascinating, involving character study, but never does more than scratch the surface.",NEG,POS,0,NEG,16,elements ,elements</w>,-0.008467933163046837,0.008467933163046837,0,0.0004703914746642113
D01,"It's just disappointingly superficial—a movie that has all the elements necessary to be a fascinating, involving character study, but never does more than scratch the surface.",NEG,POS,1,POS,16,elements ,elements</w>,-0.007997541688382626,0.007997541688382626,0,0.0004703914746642113
D01,"It's just disappointingly superficial—a movie that has all the elements necessary to be a fascinating, involving character study, but never does more than scratch the surface.",NEG,POS,0,NEG,17,necessary ,necessary</w>,-0.0015540113672614098,0.0015540113672614098,0,0.00034386105835437775
D01,"It's just disappointingly superficial—a movie that has all the elements necessary to be a fascinating, involving character study, but never does more than scratch the surface.",NEG,POS,1,POS,17,necessary ,necessary</w>,-0.001210150308907032,0.001210150308907032,0,0.00034386105835437775
D01,"It's just disappointingly superficial—a movie that has all the elements necessary to be a fascinating, involving character study, but never does more than scratch the surface.",NEG,POS,0,NEG,18,to ,to</w>,-0.0011242711916565895,0.0011242711916565895,0,0.00044114701449871063
D01,"It's just disappointingly superficial—a movie that has all the elements necessary to be a fascinating, involving character study, but never does more than scratch the surface.",NEG,POS,1,POS,18,to ,to</w>,-0.0006831241771578789,0.0006831241771578789,0,0.00044114701449871063
D01,"It's just disappointingly superficial—a movie that has all the elements necessary to be a fascinating, involving character study, but never does more than scratch the surface.",NEG,POS,0,NEG,19,be ,be</w>,-0.0030537149868905544,0.0030537149868905544,0,0.0003308161782721677
D01,"It's just disappointingly superficial—a movie that has all the elements necessary to be a fascinating, involving character study, but never does more than scratch the surface.",NEG,POS,1,POS,19,be ,be</w>,-0.0027228988086183867,0.0027228988086183867,0,0.0003308161782721677
D01,"It's just disappointingly superficial—a movie that has all the elements necessary to be a fascinating, involving character study, but never does more than scratch the surface.",NEG,POS,0,NEG,20,a ,a</w>,-0.0021888497285544872,0.0021888497285544872,0,0.000333205951998631
D01,"It's just disappointingly superficial—a movie that has all the elements necessary to be a fascinating, involving character study, but never does more than scratch the surface.",NEG,POS,1,POS,20,a ,a</w>,-0.0018556437765558562,0.0018556437765558562,0,0.000333205951998631
D01,"It's just disappointingly superficial—a movie that has all the elements necessary to be a fascinating, involving character study, but never does more than scratch the surface.",NEG,POS,0,NEG,21,fascinating,fascinating</w>,-0.003330133855342865,0.003330133855342865,0,0.0006664466733733812
D01,"It's just disappointingly superficial—a movie that has all the elements necessary to be a fascinating, involving character study, but never does more than scratch the surface.",NEG,POS,1,POS,21,fascinating,fascinating</w>,-0.002663687181969484,0.002663687181969484,0,0.0006664466733733812
D01,"It's just disappointingly superficial—a movie that has all the elements necessary to be a fascinating, involving character study, but never does more than scratch the surface.",NEG,POS,0,NEG,22,", ",",</w>",-0.0011669611558318138,0.0011669611558318138,0,0.00045674294233322144
D01,"It's just disappointingly superficial—a movie that has all the elements necessary to be a fascinating, involving character study, but never does more than scratch the surface.",NEG,POS,1,POS,22,", ",",</w>",-0.0007102182134985924,0.0007102182134985924,0,0.00045674294233322144
D01,"It's just disappointingly superficial—a movie that has all the elements necessary to be a fascinating, involving character study, but never does more than scratch the surface.",NEG,POS,0,NEG,23,involving ,involving</w>,-0.0019549053783218064,0.0019549053783218064,0,0.0003317619363466897
D01,"It's just disappointingly superficial—a movie that has all the elements necessary to be a fascinating, involving character study, but never does more than scratch the surface.",NEG,POS,1,POS,23,involving ,involving</w>,-0.0016231434419751167,0.0016231434419751167,0,0.0003317619363466897
D01,"It's just disappointingly superficial—a movie that has all the elements necessary to be a fascinating, involving character study, but never does more than scratch the surface.",NEG,POS,0,NEG,24,character ,character</w>,-0.0005628649766246478,0.0005628649766246478,0,0.0016607238600651424
D01,"It's just disappointingly superficial—a movie that has all the elements necessary to be a fascinating, involving character study, but never does more than scratch the surface.",NEG,POS,1,POS,24,character ,character</w>,0.0010978588834404945,0.0010978588834404945,1,0.0016607238600651424
D01,"It's just disappointingly superficial—a movie that has all the elements necessary to be a fascinating, involving character study, but never does more than scratch the surface.",NEG,POS,0,NEG,25,study,study</w>,-0.004351918275157611,0.004351918275157611,0,0.0027884046236673994
D01,"It's just disappointingly superficial—a movie that has all the elements necessary to be a fascinating, involving character study, but never does more than scratch the surface.",NEG,POS,1,POS,25,study,study</w>,-0.0015635136514902115,0.0015635136514902115,0,0.0027884046236673994
D01,"It's just disappointingly superficial—a movie that has all the elements necessary to be a fascinating, involving character study, but never does more than scratch the surface.",NEG,POS,0,NEG,26,", ",",</w>",-0.00046615302562713623,0.00046615302562713623,0,0.0009859036654233932
D01,"It's just disappointingly superficial—a movie that has all the elements necessary to be a fascinating, involving character study, but never does more than scratch the surface.",NEG,POS,1,POS,26,", ",",</w>",0.000519750639796257,0.000519750639796257,1,0.0009859036654233932
D01,"It's just disappointingly superficial—a movie that has all the elements necessary to be a fascinating, involving character study, but never does more than scratch the surface.",NEG,POS,0,NEG,27,but ,but</w>,0.008180032670497894,0.008180032670497894,1,-0.0017579540610313405
D01,"It's just disappointingly superficial—a movie that has all the elements necessary to be a fascinating, involving character study, but never does more than scratch the surface.",NEG,POS,1,POS,27,but ,but</w>,0.006422078609466553,0.006422078609466553,1,-0.0017579540610313405
D01,"It's just disappointingly superficial—a movie that has all the elements necessary to be a fascinating, involving character study, but never does more than scratch the surface.",NEG,POS,0,NEG,28,never ,never</w>,0.0020463142544031145,0.0020463142544031145,1,0.0003911845386028287
D01,"It's just disappointingly superficial—a movie that has all the elements necessary to be a fascinating, involving character study, but never does more than scratch the surface.",NEG,POS,1,POS,28,never ,never</w>,0.002437498793005943,0.002437498793005943,1,0.0003911845386028287
D01,"It's just disappointingly superficial—a movie that has all the elements necessary to be a fascinating, involving character study, but never does more than scratch the surface.",NEG,POS,0,NEG,29,does ,does</w>,0.002082866802811623,0.002082866802811623,1,-1.6749650239944718e-05
D01,"It's just disappointingly superficial—a movie that has all the elements necessary to be a fascinating, involving character study, but never does more than scratch the surface.",NEG,POS,1,POS,29,does ,does</w>,0.002066117152571678,0.002066117152571678,1,-1.6749650239944718e-05
D01,"It's just disappointingly superficial—a movie that has all the elements necessary to be a fascinating, involving character study, but never does more than scratch the surface.",NEG,POS,0,NEG,30,more ,more</w>,0.0009557541459798812,0.0009557541459798812,1,0.00038696750998497005
D01,"It's just disappointingly superficial—a movie that has all the elements necessary to be a fascinating, involving character study, but never does more than scratch the surface.",NEG,POS,1,POS,30,more ,more</w>,0.0013427216559648513,0.0013427216559648513,1,0.00038696750998497005
D01,"It's just disappointingly superficial—a movie that has all the elements necessary to be a fascinating, involving character study, but never does more than scratch the surface.",NEG,POS,0,NEG,31,than ,than</w>,0.0009557541459798812,0.0009557541459798812,1,0.00038696750998497005
D01,"It's just disappointingly superficial—a movie that has all the elements necessary to be a fascinating, involving character study, but never does more than scratch the surface.",NEG,POS,1,POS,31,than ,than</w>,0.0013427216559648513,0.0013427216559648513,1,0.00038696750998497005
D01,"It's just disappointingly superficial—a movie that has all the elements necessary to be a fascinating, involving character study, but never does more than scratch the surface.",NEG,POS,0,NEG,32,scratch ,scratch</w>,-0.007067376747727394,0.007067376747727394,0,-0.0001912346730629606
D01,"It's just disappointingly superficial—a movie that has all the elements necessary to be a fascinating, involving character study, but never does more than scratch the surface.",NEG,POS,1,POS,32,scratch ,scratch</w>,-0.007258611420790355,0.007258611420790355,0,-0.0001912346730629606
D01,"It's just disappointingly superficial—a movie that has all the elements necessary to be a fascinating, involving character study, but never does more than scratch the surface.",NEG,POS,0,NEG,33,the ,the</w>,0.00022994540631771088,0.00022994540631771088,1,-0.00041039722661177325
D01,"It's just disappointingly superficial—a movie that has all the elements necessary to be a fascinating, involving character study, but never does more than scratch the surface.",NEG,POS,1,POS,33,the ,the</w>,-0.00018045182029406237,0.00018045182029406237,0,-0.00041039722661177325
D01,"It's just disappointingly superficial—a movie that has all the elements necessary to be a fascinating, involving character study, but never does more than scratch the surface.",NEG,POS,0,NEG,34,surface,surface</w>,-0.0070790983736515045,0.0070790983736515045,0,0.0017060165603955584
D01,"It's just disappointingly superficial—a movie that has all the elements necessary to be a fascinating, involving character study, but never does more than scratch the surface.",NEG,POS,1,POS,34,surface,surface</w>,-0.005373081813255946,0.005373081813255946,0,0.0017060165603955584
D01,"It's just disappointingly superficial—a movie that has all the elements necessary to be a fascinating, involving character study, but never does more than scratch the surface.",NEG,POS,0,NEG,35,.,.</w>,-0.0017746537923812866,0.0017746537923812866,0,0.0005470737814903259
D01,"It's just disappointingly superficial—a movie that has all the elements necessary to be a fascinating, involving character study, but never does more than scratch the surface.",NEG,POS,1,POS,35,.,.</w>,-0.0012275800108909607,0.0012275800108909607,0,0.0005470737814903259
D01,"It's just disappointingly superficial—a movie that has all the elements necessary to be a fascinating, involving character study, but never does more than scratch the surface.",NEG,POS,0,NEG,36,,<|endoftext|>,-4.470348358154297e-08,4.470348358154297e-08,0,4.470348358154297e-08
D01,"It's just disappointingly superficial—a movie that has all the elements necessary to be a fascinating, involving character study, but never does more than scratch the surface.",NEG,POS,1,POS,36,,<|endoftext|>,0.0,0.0,0,4.470348358154297e-08
D02,"It provides the grand, intelligent entertainment of a superior cast playing smart people amid a compelling plot.",POS,POS,0,NEG,0,,<|startoftext|>,0.00023289024829864502,0.00023289024829864502,1,-6.690807640552521e-05
D02,"It provides the grand, intelligent entertainment of a superior cast playing smart people amid a compelling plot.",POS,POS,1,POS,0,,<|startoftext|>,0.0001659821718931198,0.0001659821718931198,1,-6.690807640552521e-05
D02,"It provides the grand, intelligent entertainment of a superior cast playing smart people amid a compelling plot.",POS,POS,0,NEG,1,It ,it</w>,-0.015853755176067352,0.015853755176067352,0,0.0005037169903516769
D02,"It provides the grand, intelligent entertainment of a superior cast playing smart people amid a compelling plot.",POS,POS,1,POS,1,It ,it</w>,-0.015350038185715675,0.015350038185715675,0,0.0005037169903516769
D02,"It provides the grand, intelligent entertainment of a superior cast playing smart people amid a compelling plot.",POS,POS,0,NEG,2,provides ,provides</w>,0.011758099620540937,0.011758099620540937,1,0.0004934770986437798
D02,"It provides the grand, intelligent entertainment of a superior cast playing smart people amid a compelling plot.",POS,POS,1,POS,2,provides ,provides</w>,0.012251576719184717,0.012251576719184717,1,0.0004934770986437798
D02,"It provides the grand, intelligent entertainment of a superior cast playing smart people amid a compelling plot.",POS,POS,0,NEG,3,the ,the</w>,0.006535611425836881,0.006535611425836881,1,-0.00047484878450632095
D02,"It provides the grand, intelligent entertainment of a superior cast playing smart people amid a compelling plot.",POS,POS,1,POS,3,the ,the</w>,0.00606076264133056,0.00606076264133056,1,-0.00047484878450632095
D02,"It provides the grand, intelligent entertainment of a superior cast playing smart people amid a compelling plot.",POS,POS,0,NEG,4,grand,grand</w>,0.007804264624913533,0.007804264624913533,1,0.00039174593985080806
D02,"It provides the grand, intelligent entertainment of a superior cast playing smart people amid a compelling plot.",POS,POS,1,POS,4,grand,grand</w>,0.008196010564764341,0.008196010564764341,1,0.00039174593985080806
D02,"It provides the grand, intelligent entertainment of a superior cast playing smart people amid a compelling plot.",POS,POS,0,NEG,5,", ",",</w>",-0.0014788061380386353,0.0014788061380386353,0,0.0006275102496147156
D02,"It provides the grand, intelligent entertainment of a superior cast playing smart people amid a compelling plot.",POS,POS,1,POS,5,", ",",</w>",-0.0008512958884239197,0.0008512958884239197,0,0.0006275102496147156
D02,"It provides the grand, intelligent entertainment of a superior cast playing smart people amid a compelling plot.",POS,POS,0,NEG,6,intelligent ,intelligent</w>,-0.0013161655515432358,0.0013161655515432358,0,0.0002921866253018379
D02,"It provides the grand, intelligent entertainment of a superior cast playing smart people amid a compelling plot.",POS,POS,1,POS,6,intelligent ,intelligent</w>,-0.0010239789262413979,0.0010239789262413979,0,0.0002921866253018379
D02,"It provides the grand, intelligent entertainment of a superior cast playing smart people amid a compelling plot.",POS,POS,0,NEG,7,entertainment ,entertainment</w>,0.005601009353995323,0.005601009353995323,1,0.0002713138237595558
D02,"It provides the grand, intelligent entertainment of a superior cast playing smart people amid a compelling plot.",POS,POS,1,POS,7,entertainment ,entertainment</w>,0.005872323177754879,0.005872323177754879,1,0.0002713138237595558
D02,"It provides the grand, intelligent entertainment of a superior cast playing smart people amid a compelling plot.",POS,POS,0,NEG,8,of ,of</w>,0.023570381104946136,0.023570381104946136,1,-2.9136426746845245e-05
D02,"It provides the grand, intelligent entertainment of a superior cast playing smart people amid a compelling plot.",POS,POS,1,POS,8,of ,of</w>,0.02354124467819929,0.02354124467819929,1,-2.9136426746845245e-05
D02,"It provides the grand, intelligent entertainment of a superior cast playing smart people amid a compelling plot.",POS,POS,0,NEG,9,a ,a</w>,0.0020068585872650146,0.0020068585872650146,1,-0.0005456479266285896
D02,"It provides the grand, intelligent entertainment of a superior cast playing smart people amid a compelling plot.",POS,POS,1,POS,9,a ,a</w>,0.001461210660636425,0.001461210660636425,1,-0.0005456479266285896
D02,"It provides the grand, intelligent entertainment of a superior cast playing smart people amid a compelling plot.",POS,POS,0,NEG,10,superior ,superior</w>,0.0034919362515211105,0.0034919362515211105,1,0.0005241269245743752
D02,"It provides the grand, intelligent entertainment of a superior cast playing smart people amid a compelling plot.",POS,POS,1,POS,10,superior ,superior</w>,0.004016063176095486,0.004016063176095486,1,0.0005241269245743752
D02,"It provides the grand, intelligent entertainment of a superior cast playing smart people amid a compelling plot.",POS,POS,0,NEG,11,cast ,cast</w>,0.0033262912184000015,0.0033262912184000015,1,0.003001575358211994
D02,"It provides the grand, intelligent entertainment of a superior cast playing smart people amid a compelling plot.",POS,POS,1,POS,11,cast ,cast</w>,0.006327866576611996,0.006327866576611996,1,0.003001575358211994
D02,"It provides the grand, intelligent entertainment of a superior cast playing smart people amid a compelling plot.",POS,POS,0,NEG,12,playing ,playing</w>,-0.006369726732373238,0.006369726732373238,0,0.0021343501284718513
D02,"It provides the grand, intelligent entertainment of a superior cast playing smart people amid a compelling plot.",POS,POS,1,POS,12,playing ,playing</w>,-0.004235376603901386,0.004235376603901386,0,0.0021343501284718513
D02,"It provides the grand, intelligent entertainment of a superior cast playing smart people amid a compelling plot.",POS,POS,0,NEG,13,smart ,smart</w>,-0.009991047903895378,0.009991047903895378,0,0.0028631845489144325
D02,"It provides the grand, intelligent entertainment of a superior cast playing smart people amid a compelling plot.",POS,POS,1,POS,13,smart ,smart</w>,-0.007127863354980946,0.007127863354980946,0,0.0028631845489144325
D02,"It provides the grand, intelligent entertainment of a superior cast playing smart people amid a compelling plot.",POS,POS,0,NEG,14,people ,people</w>,-0.006314074620604515,0.006314074620604515,0,0.0007228398695588115
D02,"It provides the grand, intelligent entertainment of a superior cast playing smart people amid a compelling plot.",POS,POS,1,POS,14,people ,people</w>,-0.0055912347510457035,0.0055912347510457035,0,0.0007228398695588115
D02,"It provides the grand, intelligent entertainment of a superior cast playing smart people amid a compelling plot.",POS,POS,0,NEG,15,amid ,amid</w>,-0.004950499162077904,0.004950499162077904,0,0.000326994247734547
D02,"It provides the grand, intelligent entertainment of a superior cast playing smart people amid a compelling plot.",POS,POS,1,POS,15,amid ,amid</w>,-0.004623504914343357,0.004623504914343357,0,0.000326994247734547
D02,"It provides the grand, intelligent entertainment of a superior cast playing smart people amid a compelling plot.",POS,POS,0,NEG,16,a ,a</w>,0.0014010639861226082,0.0014010639861226082,1,0.0005702502715090908
D02,"It provides the grand, intelligent entertainment of a superior cast playing smart people amid a compelling plot.",POS,POS,1,POS,16,a ,a</w>,0.001971314257631699,0.001971314257631699,1,0.0005702502715090908
D02,"It provides the grand, intelligent entertainment of a superior cast playing smart people amid a compelling plot.",POS,POS,0,NEG,17,compelling ,compelling</w>,0.010007238946855068,0.010007238946855068,1,0.00033380050833026545
D02,"It provides the grand, intelligent entertainment of a superior cast playing smart people amid a compelling plot.",POS,POS,1,POS,17,compelling ,compelling</w>,0.010341039455185334,0.010341039455185334,1,0.00033380050833026545
D02,"It provides the grand, intelligent entertainment of a superior cast playing smart people amid a compelling plot.",POS,POS,0,NEG,18,plot,plot</w>,0.0049621835350990295,0.0049621835350990295,1,0.000963155242304007
D02,"It provides the grand, intelligent entertainment of a superior cast playing smart people amid a compelling plot.",POS,POS,1,POS,18,plot,plot</w>,0.0059253387774030365,0.0059253387774030365,1,0.000963155242304007
D02,"It provides the grand, intelligent entertainment of a superior cast playing smart people amid a compelling plot.",POS,POS,0,NEG,19,.,.</w>,-0.0063019245862960815,0.0063019245862960815,0,-8.1624835729599e-05
D02,"It provides the grand, intelligent entertainment of a superior cast playing smart people amid a compelling plot.",POS,POS,1,POS,19,.,.</w>,-0.0063835494220256805,0.0063835494220256805,0,-8.1624835729599e-05
D02,"It provides the grand, intelligent entertainment of a superior cast playing smart people amid a compelling plot.",POS,POS,0,NEG,20,,<|endoftext|>,-5.960464477539063e-08,5.960464477539063e-08,0,2.9802322387695312e-08
D02,"It provides the grand, intelligent entertainment of a superior cast playing smart people amid a compelling plot.",POS,POS,1,POS,20,,<|endoftext|>,-2.9802322387695312e-08,2.9802322387695312e-08,0,2.9802322387695312e-08
D03,It's a bad thing when a movie has about as much substance as its end-credits blooper reel.,NEG,NEG,0,NEG,0,,<|startoftext|>,0.000807546079158783,0.000807546079158783,1,-3.1381845474243164e-05
D03,It's a bad thing when a movie has about as much substance as its end-credits blooper reel.,NEG,NEG,1,POS,0,,<|startoftext|>,0.0007761642336845398,0.0007761642336845398,1,-3.1381845474243164e-05
D03,It's a bad thing when a movie has about as much substance as its end-credits blooper reel.,NEG,NEG,0,NEG,1,It,it</w>,-0.03498569875955582,0.03498569875955582,0,-0.00039789825677871704
D03,It's a bad thing when a movie has about as much substance as its end-credits blooper reel.,NEG,NEG,1,POS,1,It,it</w>,-0.035383597016334534,0.035383597016334534,0,-0.00039789825677871704
D03,It's a bad thing when a movie has about as much substance as its end-credits blooper reel.,NEG,NEG,0,NEG,2,'s ,'s</w>,0.020226091146469116,0.020226091146469116,1,-0.00011631101369857788
D03,It's a bad thing when a movie has about as much substance as its end-credits blooper reel.,NEG,NEG,1,POS,2,'s ,'s</w>,0.02010978013277054,0.02010978013277054,1,-0.00011631101369857788
D03,It's a bad thing when a movie has about as much substance as its end-credits blooper reel.,NEG,NEG,0,NEG,3,a ,a</w>,0.01715126633644104,0.01715126633644104,1,-0.00025323033332824707
D03,It's a bad thing when a movie has about as much substance as its end-credits blooper reel.,NEG,NEG,1,POS,3,a ,a</w>,0.016898036003112793,0.016898036003112793,1,-0.00025323033332824707
D03,It's a bad thing when a movie has about as much substance as its end-credits blooper reel.,NEG,NEG,0,NEG,4,bad ,bad</w>,-0.004304219037294388,0.004304219037294388,0,-0.0039055943489074707
D03,It's a bad thing when a movie has about as much substance as its end-credits blooper reel.,NEG,NEG,1,POS,4,bad ,bad</w>,-0.008209813386201859,0.008209813386201859,0,-0.0039055943489074707
D03,It's a bad thing when a movie has about as much substance as its end-credits blooper reel.,NEG,NEG,0,NEG,5,thing ,thing</w>,-0.02131105586886406,0.02131105586886406,0,0.0015344694256782532
D03,It's a bad thing when a movie has about as much substance as its end-credits blooper reel.,NEG,NEG,1,POS,5,thing ,thing</w>,-0.019776586443185806,0.019776586443185806,0,0.0015344694256782532
D03,It's a bad thing when a movie has about as much substance as its end-credits blooper reel.,NEG,NEG,0,NEG,6,when ,when</w>,0.010181494057178497,0.010181494057178497,1,-0.0016543343663215637
D03,It's a bad thing when a movie has about as much substance as its end-credits blooper reel.,NEG,NEG,1,POS,6,when ,when</w>,0.008527159690856934,0.008527159690856934,1,-0.0016543343663215637
D03,It's a bad thing when a movie has about as much substance as its end-credits blooper reel.,NEG,NEG,0,NEG,7,a ,a</w>,0.010017402470111847,0.010017402470111847,1,0.00034877657890319824
D03,It's a bad thing when a movie has about as much substance as its end-credits blooper reel.,NEG,NEG,1,POS,7,a ,a</w>,0.010366179049015045,0.010366179049015045,1,0.00034877657890319824
D03,It's a bad thing when a movie has about as much substance as its end-credits blooper reel.,NEG,NEG,0,NEG,8,movie ,movie</w>,0.029991084709763527,0.029991084709763527,1,0.004985138773918152
D03,It's a bad thing when a movie has about as much substance as its end-credits blooper reel.,NEG,NEG,1,POS,8,movie ,movie</w>,0.03497622348368168,0.03497622348368168,1,0.004985138773918152
D03,It's a bad thing when a movie has about as much substance as its end-credits blooper reel.,NEG,NEG,0,NEG,9,has ,has</w>,0.0042407456785440445,0.0042407456785440445,1,0.0005021803081035614
D03,It's a bad thing when a movie has about as much substance as its end-credits blooper reel.,NEG,NEG,1,POS,9,has ,has</w>,0.004742925986647606,0.004742925986647606,1,0.0005021803081035614
D03,It's a bad thing when a movie has about as much substance as its end-credits blooper reel.,NEG,NEG,0,NEG,10,about ,about</w>,0.012265598401427269,0.012265598401427269,1,3.7906691431999207e-05
D03,It's a bad thing when a movie has about as much substance as its end-credits blooper reel.,NEG,NEG,1,POS,10,about ,about</w>,0.012303505092859268,0.012303505092859268,1,3.7906691431999207e-05
D03,It's a bad thing when a movie has about as much substance as its end-credits blooper reel.,NEG,NEG,0,NEG,11,as ,as</w>,0.011990917846560478,0.011990917846560478,1,-0.000811966136097908
D03,It's a bad thing when a movie has about as much substance as its end-credits blooper reel.,NEG,NEG,1,POS,11,as ,as</w>,0.01117895171046257,0.01117895171046257,1,-0.000811966136097908
D03,It's a bad thing when a movie has about as much substance as its end-credits blooper reel.,NEG,NEG,0,NEG,12,much ,much</w>,-6.079394370317459e-05,6.079394370317459e-05,0,0.0006677620112895966
D03,It's a bad thing when a movie has about as much substance as its end-credits blooper reel.,NEG,NEG,1,POS,12,much ,much</w>,0.000606968067586422,0.000606968067586422,1,0.0006677620112895966
D03,It's a bad thing when a movie has about as much substance as its end-credits blooper reel.,NEG,NEG,0,NEG,13,substance ,substance</w>,-0.0054635414853692055,0.0054635414853692055,0,0.0012180935591459274
D03,It's a bad thing when a movie has about as much substance as its end-credits blooper reel.,NEG,NEG,1,POS,13,substance ,substance</w>,-0.004245447926223278,0.004245447926223278,0,0.0012180935591459274
D03,It's a bad thing when a movie has about as much substance as its end-credits blooper reel.,NEG,NEG,0,NEG,14,as ,as</w>,0.008961038663983345,0.008961038663983345,1,0.0006059510633349419
D03,It's a bad thing when a movie has about as much substance as its end-credits blooper reel.,NEG,NEG,1,POS,14,as ,as</w>,0.009566989727318287,0.009566989727318287,1,0.0006059510633349419
D03,It's a bad thing when a movie has about as much substance as its end-credits blooper reel.,NEG,NEG,0,NEG,15,its ,its</w>,0.009448885917663574,0.009448885917663574,1,0.0009598424658179283
D03,It's a bad thing when a movie has about as much substance as its end-credits blooper reel.,NEG,NEG,1,POS,15,its ,its</w>,0.010408728383481503,0.010408728383481503,1,0.0009598424658179283
D03,It's a bad thing when a movie has about as much substance as its end-credits blooper reel.,NEG,NEG,0,NEG,16,end,end</w>,-0.00013193488121032715,0.00013193488121032715,0,0.0003306623548269272
D03,It's a bad thing when a movie has about as much substance as its end-credits blooper reel.,NEG,NEG,1,POS,16,end,end</w>,0.00019872747361660004,0.00019872747361660004,1,0.0003306623548269272
D03,It's a bad thing when a movie has about as much substance as its end-credits blooper reel.,NEG,NEG,0,NEG,17,-,-</w>,-0.0014093369245529175,0.0014093369245529175,0,0.00039806030690670013
D03,It's a bad thing when a movie has about as much substance as its end-credits blooper reel.,NEG,NEG,1,POS,17,-,-</w>,-0.0010112766176462173,0.0010112766176462173,0,0.00039806030690670013
D03,It's a bad thing when a movie has about as much substance as its end-credits blooper reel.,NEG,NEG,0,NEG,18,credits ,credits</w>,0.005021858960390091,0.005021858960390091,1,0.0019381865859031677
D03,It's a bad thing when a movie has about as much substance as its end-credits blooper reel.,NEG,NEG,1,POS,18,credits ,credits</w>,0.006960045546293259,0.006960045546293259,1,0.0019381865859031677
D03,It's a bad thing when a movie has about as much substance as its end-credits blooper reel.,NEG,NEG,0,NEG,19,blo,blo,-0.008269169057408968,0.008269169057408968,0,-0.0011499974255760517
D03,It's a bad thing when a movie has about as much substance as its end-credits blooper reel.,NEG,NEG,1,POS,19,blo,blo,-0.00941916648298502,0.00941916648298502,0,-0.0011499974255760517
D03,It's a bad thing when a movie has about as much substance as its end-credits blooper reel.,NEG,NEG,0,NEG,20,oper ,oper</w>,-0.002587926263610522,0.002587926263610522,0,0.0005372759575645127
D03,It's a bad thing when a movie has about as much substance as its end-credits blooper reel.,NEG,NEG,1,POS,20,oper ,oper</w>,-0.002050650306046009,0.002050650306046009,0,0.0005372759575645127
D03,It's a bad thing when a movie has about as much substance as its end-credits blooper reel.,NEG,NEG,0,NEG,21,reel,reel</w>,-0.006740393737951915,0.006740393737951915,0,0.0016475400576988859
D03,It's a bad thing when a movie has about as much substance as its end-credits blooper reel.,NEG,NEG,1,POS,21,reel,reel</w>,-0.005092853680253029,0.005092853680253029,0,0.0016475400576988859
D03,It's a bad thing when a movie has about as much substance as its end-credits blooper reel.,NEG,NEG,0,NEG,22,.,.</w>,0.01618250459432602,0.01618250459432602,1,-0.00024057179689407349
D03,It's a bad thing when a movie has about as much substance as its end-credits blooper reel.,NEG,NEG,1,POS,22,.,.</w>,0.015941932797431946,0.015941932797431946,1,-0.00024057179689407349
D03,It's a bad thing when a movie has about as much substance as its end-credits blooper reel.,NEG,NEG,0,NEG,23,,<|endoftext|>,-5.960464477539063e-08,5.960464477539063e-08,0,2.9802322387695312e-08
D03,It's a bad thing when a movie has about as much substance as its end-credits blooper reel.,NEG,NEG,1,POS,23,,<|endoftext|>,-2.9802322387695312e-08,2.9802322387695312e-08,0,2.9802322387695312e-08
D04,"First-time writer-director Serry shows a remarkable gift for storytelling with this moving, effective little film.",POS,POS,0,NEG,0,,<|startoftext|>,0.003116447478532791,0.003116447478532791,1,0.0003150012344121933
D04,"First-time writer-director Serry shows a remarkable gift for storytelling with this moving, effective little film.",POS,POS,1,POS,0,,<|startoftext|>,0.0034314487129449844,0.0034314487129449844,1,0.0003150012344121933
D04,"First-time writer-director Serry shows a remarkable gift for storytelling with this moving, effective little film.",POS,POS,0,NEG,1,First,first</w>,0.014399431645870209,0.014399431645870209,1,0.0009950343519449234
D04,"First-time writer-director Serry shows a remarkable gift for storytelling with this moving, effective little film.",POS,POS,1,POS,1,First,first</w>,0.015394465997815132,0.015394465997815132,1,0.0009950343519449234
D04,"First-time writer-director Serry shows a remarkable gift for storytelling with this moving, effective little film.",POS,POS,0,NEG,2,-,-</w>,-0.0018056519329547882,0.0018056519329547882,0,0.0007386840879917145
D04,"First-time writer-director Serry shows a remarkable gift for storytelling with this moving, effective little film.",POS,POS,1,POS,2,-,-</w>,-0.0010669678449630737,0.0010669678449630737,0,0.0007386840879917145
D04,"First-time writer-director Serry shows a remarkable gift for storytelling with this moving, effective little film.",POS,POS,0,NEG,3,time ,time</w>,-0.013010494410991669,0.013010494410991669,0,-0.00010376796126365662
D04,"First-time writer-director Serry shows a remarkable gift for storytelling with this moving, effective little film.",POS,POS,1,POS,3,time ,time</w>,-0.013114262372255325,0.013114262372255325,0,-0.00010376796126365662
D04,"First-time writer-director Serry shows a remarkable gift for storytelling with this moving, effective little film.",POS,POS,0,NEG,4,writer,writer</w>,0.009544359520077705,0.009544359520077705,1,-0.00039769895374774933
D04,"First-time writer-director Serry shows a remarkable gift for storytelling with this moving, effective little film.",POS,POS,1,POS,4,writer,writer</w>,0.009146660566329956,0.009146660566329956,1,-0.00039769895374774933
D04,"First-time writer-director Serry shows a remarkable gift for storytelling with this moving, effective little film.",POS,POS,0,NEG,5,-,-</w>,0.00519157387316227,0.00519157387316227,1,0.000999530777335167
D04,"First-time writer-director Serry shows a remarkable gift for storytelling with this moving, effective little film.",POS,POS,1,POS,5,-,-</w>,0.0061911046504974365,0.0061911046504974365,1,0.000999530777335167
D04,"First-time writer-director Serry shows a remarkable gift for storytelling with this moving, effective little film.",POS,POS,0,NEG,6,director ,director</w>,0.0043049342930316925,0.0043049342930316925,1,0.003225434571504593
D04,"First-time writer-director Serry shows a remarkable gift for storytelling with this moving, effective little film.",POS,POS,1,POS,6,director ,director</w>,0.007530368864536285,0.007530368864536285,1,0.003225434571504593
D04,"First-time writer-director Serry shows a remarkable gift for storytelling with this moving, effective little film.",POS,POS,0,NEG,7,Ser,ser,-0.011969370767474174,0.011969370767474174,0,0.00041577965021133423
D04,"First-time writer-director Serry shows a remarkable gift for storytelling with this moving, effective little film.",POS,POS,1,POS,7,Ser,ser,-0.01155359111726284,0.01155359111726284,0,0.00041577965021133423
D04,"First-time writer-director Serry shows a remarkable gift for storytelling with this moving, effective little film.",POS,POS,0,NEG,8,ry ,ry</w>,-0.003445686772465706,0.003445686772465706,0,-5.384907126426697e-05
D04,"First-time writer-director Serry shows a remarkable gift for storytelling with this moving, effective little film.",POS,POS,1,POS,8,ry ,ry</w>,-0.003499535843729973,0.003499535843729973,0,-5.384907126426697e-05
D04,"First-time writer-director Serry shows a remarkable gift for storytelling with this moving, effective little film.",POS,POS,0,NEG,9,shows ,shows</w>,-0.0014170017093420029,0.0014170017093420029,0,0.0008490635082125664
D04,"First-time writer-director Serry shows a remarkable gift for storytelling with this moving, effective little film.",POS,POS,1,POS,9,shows ,shows</w>,-0.0005679382011294365,0.0005679382011294365,0,0.0008490635082125664
D04,"First-time writer-director Serry shows a remarkable gift for storytelling with this moving, effective little film.",POS,POS,0,NEG,10,a ,a</w>,0.0018070843070745468,0.0018070843070745468,1,0.0007671350613236427
D04,"First-time writer-director Serry shows a remarkable gift for storytelling with this moving, effective little film.",POS,POS,1,POS,10,a ,a</w>,0.0025742193683981895,0.0025742193683981895,1,0.0007671350613236427
D04,"First-time writer-director Serry shows a remarkable gift for storytelling with this moving, effective little film.",POS,POS,0,NEG,11,remarkable ,remarkable</w>,-0.00010444317013025284,0.00010444317013025284,0,0.003729955293238163
D04,"First-time writer-director Serry shows a remarkable gift for storytelling with this moving, effective little film.",POS,POS,1,POS,11,remarkable ,remarkable</w>,0.00362551212310791,0.00362551212310791,1,0.003729955293238163
D04,"First-time writer-director Serry shows a remarkable gift for storytelling with this moving, effective little film.",POS,POS,0,NEG,12,gift ,gift</w>,-0.014549105428159237,0.014549105428159237,0,-0.0003131544217467308
D04,"First-time writer-director Serry shows a remarkable gift for storytelling with this moving, effective little film.",POS,POS,1,POS,12,gift ,gift</w>,-0.014862259849905968,0.014862259849905968,0,-0.0003131544217467308
D04,"First-time writer-director Serry shows a remarkable gift for storytelling with this moving, effective little film.",POS,POS,0,NEG,13,for ,for</w>,-0.0031003402546048164,0.0031003402546048164,0,-0.0005879979580640793
D04,"First-time writer-director Serry shows a remarkable gift for storytelling with this moving, effective little film.",POS,POS,1,POS,13,for ,for</w>,-0.0036883382126688957,0.0036883382126688957,0,-0.0005879979580640793
D04,"First-time writer-director Serry shows a remarkable gift for storytelling with this moving, effective little film.",POS,POS,0,NEG,14,storytelling ,storytelling</w>,-0.0066109029576182365,0.0066109029576182365,0,0.000550735741853714
D04,"First-time writer-director Serry shows a remarkable gift for storytelling with this moving, effective little film.",POS,POS,1,POS,14,storytelling ,storytelling</w>,-0.0060601672157645226,0.0060601672157645226,0,0.000550735741853714
D04,"First-time writer-director Serry shows a remarkable gift for storytelling with this moving, effective little film.",POS,POS,0,NEG,15,with ,with</w>,0.0006783142065008482,0.0006783142065008482,1,0.0005763107910752295
D04,"First-time writer-director Serry shows a remarkable gift for storytelling with this moving, effective little film.",POS,POS,1,POS,15,with ,with</w>,0.0012546249975760777,0.0012546249975760777,1,0.0005763107910752295
D04,"First-time writer-director Serry shows a remarkable gift for storytelling with this moving, effective little film.",POS,POS,0,NEG,16,this ,this</w>,0.01756343835343917,0.01756343835343917,1,0.002104169689118862
D04,"First-time writer-director Serry shows a remarkable gift for storytelling with this moving, effective little film.",POS,POS,1,POS,16,this ,this</w>,0.019667608042558033,0.019667608042558033,1,0.002104169689118862
D04,"First-time writer-director Serry shows a remarkable gift for storytelling with this moving, effective little film.",POS,POS,0,NEG,17,moving,moving</w>,-0.00314134048918883,0.00314134048918883,0,0.0013420432806015012
D04,"First-time writer-director Serry shows a remarkable gift for storytelling with this moving, effective little film.",POS,POS,1,POS,17,moving,moving</w>,-0.0017992972085873287,0.0017992972085873287,0,0.0013420432806015012
D04,"First-time writer-director Serry shows a remarkable gift for storytelling with this moving, effective little film.",POS,POS,0,NEG,18,", ",",</w>",0.0023429691791534424,0.0023429691791534424,1,0.0024951547384262085
D04,"First-time writer-director Serry shows a remarkable gift for storytelling with this moving, effective little film.",POS,POS,1,POS,18,", ",",</w>",0.004838123917579651,0.004838123917579651,1,0.0024951547384262085
D04,"First-time writer-director Serry shows a remarkable gift for storytelling with this moving, effective little film.",POS,POS,0,NEG,19,effective ,effective</w>,0.02261939086019993,0.02261939086019993,1,0.00023485161364078522
D04,"First-time writer-director Serry shows a remarkable gift for storytelling with this moving, effective little film.",POS,POS,1,POS,19,effective ,effective</w>,0.022854242473840714,0.022854242473840714,1,0.00023485161364078522
D04,"First-time writer-director Serry shows a remarkable gift for storytelling with this moving, effective little film.",POS,POS,0,NEG,20,little ,little</w>,-0.0055950116366147995,0.0055950116366147995,0,-0.0005283039063215256
D04,"First-time writer-director Serry shows a remarkable gift for storytelling with this moving, effective little film.",POS,POS,1,POS,20,little ,little</w>,-0.006123315542936325,0.006123315542936325,0,-0.0005283039063215256
D04,"First-time writer-director Serry shows a remarkable gift for storytelling with this moving, effective little film.",POS,POS,0,NEG,21,film,film</w>,0.005294870585203171,0.005294870585203171,1,0.001248430460691452
D04,"First-time writer-director Serry shows a remarkable gift for storytelling with this moving, effective little film.",POS,POS,1,POS,21,film,film</w>,0.006543301045894623,0.006543301045894623,1,0.001248430460691452
D04,"First-time writer-director Serry shows a remarkable gift for storytelling with this moving, effective little film.",POS,POS,0,NEG,22,.,.</w>,0.00710403174161911,0.00710403174161911,1,-0.000819183886051178
D04,"First-time writer-director Serry shows a remarkable gift for storytelling with this moving, effective little film.",POS,POS,1,POS,22,.,.</w>,0.006284847855567932,0.006284847855567932,1,-0.000819183886051178
D04,"First-time writer-director Serry shows a remarkable gift for storytelling with this moving, effective little film.",POS,POS,0,NEG,23,,<|endoftext|>,-1.4901161193847656e-08,1.4901161193847656e-08,0,4.470348358154297e-08
D04,"First-time writer-director Serry shows a remarkable gift for storytelling with this moving, effective little film.",POS,POS,1,POS,23,,<|endoftext|>,2.9802322387695312e-08,2.9802322387695312e-08,1,4.470348358154297e-08
D05,"The entire movie is about a boring, sad man being boring and sad.",NEG,NEG,0,NEG,0,,<|startoftext|>,-1.862645149230957e-09,1.862645149230957e-09,0,-5.587935447692871e-09
D05,"The entire movie is about a boring, sad man being boring and sad.",NEG,NEG,1,POS,0,,<|startoftext|>,-7.450580596923828e-09,7.450580596923828e-09,0,-5.587935447692871e-09
D05,"The entire movie is about a boring, sad man being boring and sad.",NEG,NEG,0,NEG,1,The ,the</w>,-8.415617048740387e-05,8.415617048740387e-05,0,-0.0013523083180189133
D05,"The entire movie is about a boring, sad man being boring and sad.",NEG,NEG,1,POS,1,The ,the</w>,-0.0014364644885063171,0.0014364644885063171,0,-0.0013523083180189133
D05,"The entire movie is about a boring, sad man being boring and sad.",NEG,NEG,0,NEG,2,entire ,entire</w>,0.017018159851431847,0.017018159851431847,1,-0.0008952748030424118
D05,"The entire movie is about a boring, sad man being boring and sad.",NEG,NEG,1,POS,2,entire ,entire</w>,0.016122885048389435,0.016122885048389435,1,-0.0008952748030424118
D05,"The entire movie is about a boring, sad man being boring and sad.",NEG,NEG,0,NEG,3,movie ,movie</w>,0.05679608695209026,0.05679608695209026,1,0.00800984539091587
D05,"The entire movie is about a boring, sad man being boring and sad.",NEG,NEG,1,POS,3,movie ,movie</w>,0.06480593234300613,0.06480593234300613,1,0.00800984539091587
D05,"The entire movie is about a boring, sad man being boring and sad.",NEG,NEG,0,NEG,4,is ,is</w>,0.01153110433369875,0.01153110433369875,1,-0.0018685432150959969
D05,"The entire movie is about a boring, sad man being boring and sad.",NEG,NEG,1,POS,4,is ,is</w>,0.009662561118602753,0.009662561118602753,1,-0.0018685432150959969
D05,"The entire movie is about a boring, sad man being boring and sad.",NEG,NEG,0,NEG,5,about ,about</w>,0.0065879495814442635,0.0065879495814442635,1,0.0014445921406149864
D05,"The entire movie is about a boring, sad man being boring and sad.",NEG,NEG,1,POS,5,about ,about</w>,0.00803254172205925,0.00803254172205925,1,0.0014445921406149864
D05,"The entire movie is about a boring, sad man being boring and sad.",NEG,NEG,0,NEG,6,a ,a</w>,0.0008028922602534294,0.0008028922602534294,1,-0.0003474513068795204
D05,"The entire movie is about a boring, sad man being boring and sad.",NEG,NEG,1,POS,6,a ,a</w>,0.000455440953373909,0.000455440953373909,1,-0.0003474513068795204
D05,"The entire movie is about a boring, sad man being boring and sad.",NEG,NEG,0,NEG,7,boring,boring</w>,0.00217991229146719,0.00217991229146719,1,-0.0016901390627026558
D05,"The entire movie is about a boring, sad man being boring and sad.",NEG,NEG,1,POS,7,boring,boring</w>,0.000489773228764534,0.000489773228764534,1,-0.0016901390627026558
D05,"The entire movie is about a boring, sad man being boring and sad.",NEG,NEG,0,NEG,8,", ",",</w>",0.009390901774168015,0.009390901774168015,1,0.0023381076753139496
D05,"The entire movie is about a boring, sad man being boring and sad.",NEG,NEG,1,POS,8,", ",",</w>",0.011729009449481964,0.011729009449481964,1,0.0023381076753139496
D05,"The entire movie is about a boring, sad man being boring and sad.",NEG,NEG,0,NEG,9,sad ,sad</w>,-0.004623169079422951,0.004623169079422951,0,-0.002775745466351509
D05,"The entire movie is about a boring, sad man being boring and sad.",NEG,NEG,1,POS,9,sad ,sad</w>,-0.00739891454577446,0.00739891454577446,0,-0.002775745466351509
D05,"The entire movie is about a boring, sad man being boring and sad.",NEG,NEG,0,NEG,10,man ,man</w>,-0.015524933114647865,0.015524933114647865,0,-0.0013133455067873001
D05,"The entire movie is about a boring, sad man being boring and sad.",NEG,NEG,1,POS,10,man ,man</w>,-0.016838278621435165,0.016838278621435165,0,-0.0013133455067873001
D05,"The entire movie is about a boring, sad man being boring and sad.",NEG,NEG,0,NEG,11,being ,being</w>,-0.006187332794070244,0.006187332794070244,0,0.0004737619310617447
D05,"The entire movie is about a boring, sad man being boring and sad.",NEG,NEG,1,POS,11,being ,being</w>,-0.005713570863008499,0.005713570863008499,0,0.0004737619310617447
D05,"The entire movie is about a boring, sad man being boring and sad.",NEG,NEG,0,NEG,12,boring ,boring</w>,-0.0108445193618536,0.0108445193618536,0,0.00018327124416828156
D05,"The entire movie is about a boring, sad man being boring and sad.",NEG,NEG,1,POS,12,boring ,boring</w>,-0.010661248117685318,0.010661248117685318,0,0.00018327124416828156
D05,"The entire movie is about a boring, sad man being boring and sad.",NEG,NEG,0,NEG,13,and ,and</w>,0.010685566812753677,0.010685566812753677,1,0.001095365732908249
D05,"The entire movie is about a boring, sad man being boring and sad.",NEG,NEG,1,POS,13,and ,and</w>,0.011780932545661926,0.011780932545661926,1,0.001095365732908249
D05,"The entire movie is about a boring, sad man being boring and sad.",NEG,NEG,0,NEG,14,sad,sad</w>,-0.0021056365221738815,0.0021056365221738815,0,-0.0028441641479730606
D05,"The entire movie is about a boring, sad man being boring and sad.",NEG,NEG,1,POS,14,sad,sad</w>,-0.004949800670146942,0.004949800670146942,0,-0.0028441641479730606
D05,"The entire movie is about a boring, sad man being boring and sad.",NEG,NEG,0,NEG,15,.,.</w>,0.003970148041844368,0.003970148041844368,1,0.0007047709077596664
D05,"The entire movie is about a boring, sad man being boring and sad.",NEG,NEG,1,POS,15,.,.</w>,0.004674918949604034,0.004674918949604034,1,0.0007047709077596664
D05,"The entire movie is about a boring, sad man being boring and sad.",NEG,NEG,0,NEG,16,,<|endoftext|>,-2.9802322387695312e-08,2.9802322387695312e-08,0,2.9802322387695312e-08
D05,"The entire movie is about a boring, sad man being boring and sad.",NEG,NEG,1,POS,16,,<|endoftext|>,0.0,0.0,0,2.9802322387695312e-08
D06,"It proves quite compelling as an intense, brooding character study.",POS,POS,0,NEG,0,,<|startoftext|>,1.862645149230957e-09,1.862645149230957e-09,1,0.0
D06,"It proves quite compelling as an intense, brooding character study.",POS,POS,1,POS,0,,<|startoftext|>,1.862645149230957e-09,1.862645149230957e-09,1,0.0
D06,"It proves quite compelling as an intense, brooding character study.",POS,POS,0,NEG,1,It ,it</w>,-0.00021531246602535248,0.00021531246602535248,0,-0.00014413148164749146
D06,"It proves quite compelling as an intense, brooding character study.",POS,POS,1,POS,1,It ,it</w>,-0.00035944394767284393,0.00035944394767284393,0,-0.00014413148164749146
D06,"It proves quite compelling as an intense, brooding character study.",POS,POS,0,NEG,2,proves ,proves</w>,0.014963926747441292,0.014963926747441292,1,-0.0005694255232810974
D06,"It proves quite compelling as an intense, brooding character study.",POS,POS,1,POS,2,proves ,proves</w>,0.014394501224160194,0.014394501224160194,1,-0.0005694255232810974
D06,"It proves quite compelling as an intense, brooding character study.",POS,POS,0,NEG,3,quite ,quite</w>,0.012935930863022804,0.012935930863022804,1,-0.0011276155710220337
D06,"It proves quite compelling as an intense, brooding character study.",POS,POS,1,POS,3,quite ,quite</w>,0.01180831529200077,0.01180831529200077,1,-0.0011276155710220337
D06,"It proves quite compelling as an intense, brooding character study.",POS,POS,0,NEG,4,compelling ,compelling</w>,0.023410306312143803,0.023410306312143803,1,0.002250656485557556
D06,"It proves quite compelling as an intense, brooding character study.",POS,POS,1,POS,4,compelling ,compelling</w>,0.02566096279770136,0.02566096279770136,1,0.002250656485557556
D06,"It proves quite compelling as an intense, brooding character study.",POS,POS,0,NEG,5,as ,as</w>,0.0096282372251153,0.0096282372251153,1,0.0007764771580696106
D06,"It proves quite compelling as an intense, brooding character study.",POS,POS,1,POS,5,as ,as</w>,0.01040471438318491,0.01040471438318491,1,0.0007764771580696106
D06,"It proves quite compelling as an intense, brooding character study.",POS,POS,0,NEG,6,an ,an</w>,0.0031259553506970406,0.0031259553506970406,1,0.0002854764461517334
D06,"It proves quite compelling as an intense, brooding character study.",POS,POS,1,POS,6,an ,an</w>,0.003411431796848774,0.003411431796848774,1,0.0002854764461517334
D06,"It proves quite compelling as an intense, brooding character study.",POS,POS,0,NEG,7,intense,intense</w>,0.011671190150082111,0.011671190150082111,1,-0.0016241595149040222
D06,"It proves quite compelling as an intense, brooding character study.",POS,POS,1,POS,7,intense,intense</w>,0.01004703063517809,0.01004703063517809,1,-0.0016241595149040222
D06,"It proves quite compelling as an intense, brooding character study.",POS,POS,0,NEG,8,", ",",</w>",0.006212469190359116,0.006212469190359116,1,0.0031179040670394897
D06,"It proves quite compelling as an intense, brooding character study.",POS,POS,1,POS,8,", ",",</w>",0.009330373257398605,0.009330373257398605,1,0.0031179040670394897
D06,"It proves quite compelling as an intense, brooding character study.",POS,POS,0,NEG,9,broo,broo,-0.008539559319615364,0.008539559319615364,0,0.0001905187964439392
D06,"It proves quite compelling as an intense, brooding character study.",POS,POS,1,POS,9,broo,broo,-0.008349040523171425,0.008349040523171425,0,0.0001905187964439392
D06,"It proves quite compelling as an intense, brooding character study.",POS,POS,0,NEG,10,ding ,ding</w>,-0.011980438604950905,0.011980438604950905,0,-0.0034436434507369995
D06,"It proves quite compelling as an intense, brooding character study.",POS,POS,1,POS,10,ding ,ding</w>,-0.015424082055687904,0.015424082055687904,0,-0.0034436434507369995
D06,"It proves quite compelling as an intense, brooding character study.",POS,POS,0,NEG,11,character ,character</w>,0.009389674291014671,0.009389674291014671,1,0.004004284739494324
D06,"It proves quite compelling as an intense, brooding character study.",POS,POS,1,POS,11,character ,character</w>,0.013393959030508995,0.013393959030508995,1,0.004004284739494324
D06,"It proves quite compelling as an intense, brooding character study.",POS,POS,0,NEG,12,study,study</w>,-0.012417750433087349,0.012417750433087349,0,0.004820622503757477
D06,"It proves quite compelling as an intense, brooding character study.",POS,POS,1,POS,12,study,study</w>,-0.007597127929329872,0.007597127929329872,0,0.004820622503757477
D06,"It proves quite compelling as an intense, brooding character study.",POS,POS,0,NEG,13,.,.</w>,-0.0038720741868019104,0.0038720741868019104,0,-0.000405728816986084
D06,"It proves quite compelling as an intense, brooding character study.",POS,POS,1,POS,13,.,.</w>,-0.004277803003787994,0.004277803003787994,0,-0.000405728816986084
D06,"It proves quite compelling as an intense, brooding character study.",POS,POS,0,NEG,14,,<|endoftext|>,-8.940696716308594e-08,8.940696716308594e-08,0,1.4901161193847656e-07
D06,"It proves quite compelling as an intense, brooding character study.",POS,POS,1,POS,14,,<|endoftext|>,5.960464477539063e-08,5.960464477539063e-08,1,1.4901161193847656e-07
D07,"The film's hackneyed message is not helped by the thin characterizations, nonexistent plot, and pretentious visual style.",NEG,POS,0,NEG,0,,<|startoftext|>,0.00020785070955753326,0.00020785070955753326,1,8.653663098812103e-05
D07,"The film's hackneyed message is not helped by the thin characterizations, nonexistent plot, and pretentious visual style.",NEG,POS,1,POS,0,,<|startoftext|>,0.0002943873405456543,0.0002943873405456543,1,8.653663098812103e-05
D07,"The film's hackneyed message is not helped by the thin characterizations, nonexistent plot, and pretentious visual style.",NEG,POS,0,NEG,1,The ,the</w>,0.003952229395508766,0.003952229395508766,1,-0.00010755471885204315
D07,"The film's hackneyed message is not helped by the thin characterizations, nonexistent plot, and pretentious visual style.",NEG,POS,1,POS,1,The ,the</w>,0.003844674676656723,0.003844674676656723,1,-0.00010755471885204315
D07,"The film's hackneyed message is not helped by the thin characterizations, nonexistent plot, and pretentious visual style.",NEG,POS,0,NEG,2,film,film</w>,0.022967463359236717,0.022967463359236717,1,0.007284883409738541
D07,"The film's hackneyed message is not helped by the thin characterizations, nonexistent plot, and pretentious visual style.",NEG,POS,1,POS,2,film,film</w>,0.030252346768975258,0.030252346768975258,1,0.007284883409738541
D07,"The film's hackneyed message is not helped by the thin characterizations, nonexistent plot, and pretentious visual style.",NEG,POS,0,NEG,3,'s ,'s</w>,0.0111472737044096,0.0111472737044096,1,0.0015288479626178741
D07,"The film's hackneyed message is not helped by the thin characterizations, nonexistent plot, and pretentious visual style.",NEG,POS,1,POS,3,'s ,'s</w>,0.012676121667027473,0.012676121667027473,1,0.0015288479626178741
D07,"The film's hackneyed message is not helped by the thin characterizations, nonexistent plot, and pretentious visual style.",NEG,POS,0,NEG,4,hack,hack,-0.007926568388938904,0.007926568388938904,0,0.001361323520541191
D07,"The film's hackneyed message is not helped by the thin characterizations, nonexistent plot, and pretentious visual style.",NEG,POS,1,POS,4,hack,hack,-0.006565244868397713,0.006565244868397713,0,0.001361323520541191
D07,"The film's hackneyed message is not helped by the thin characterizations, nonexistent plot, and pretentious visual style.",NEG,POS,0,NEG,5,ne,ne,-0.008914489299058914,0.008914489299058914,0,0.0006799977272748947
D07,"The film's hackneyed message is not helped by the thin characterizations, nonexistent plot, and pretentious visual style.",NEG,POS,1,POS,5,ne,ne,-0.00823449157178402,0.00823449157178402,0,0.0006799977272748947
D07,"The film's hackneyed message is not helped by the thin characterizations, nonexistent plot, and pretentious visual style.",NEG,POS,0,NEG,6,yed ,yed</w>,0.0026148371398448944,0.0026148371398448944,1,-0.0002853386104106903
D07,"The film's hackneyed message is not helped by the thin characterizations, nonexistent plot, and pretentious visual style.",NEG,POS,1,POS,6,yed ,yed</w>,0.002329498529434204,0.002329498529434204,1,-0.0002853386104106903
D07,"The film's hackneyed message is not helped by the thin characterizations, nonexistent plot, and pretentious visual style.",NEG,POS,0,NEG,7,message ,message</w>,-0.003378314897418022,0.003378314897418022,0,0.0013658590614795685
D07,"The film's hackneyed message is not helped by the thin characterizations, nonexistent plot, and pretentious visual style.",NEG,POS,1,POS,7,message ,message</w>,-0.0020124558359384537,0.0020124558359384537,0,0.0013658590614795685
D07,"The film's hackneyed message is not helped by the thin characterizations, nonexistent plot, and pretentious visual style.",NEG,POS,0,NEG,8,is ,is</w>,-0.005423946306109428,0.005423946306109428,0,0.0006597787141799927
D07,"The film's hackneyed message is not helped by the thin characterizations, nonexistent plot, and pretentious visual style.",NEG,POS,1,POS,8,is ,is</w>,-0.004764167591929436,0.004764167591929436,0,0.0006597787141799927
D07,"The film's hackneyed message is not helped by the thin characterizations, nonexistent plot, and pretentious visual style.",NEG,POS,0,NEG,9,not ,not</w>,0.0015953471884131432,0.0015953471884131432,1,-0.0013773944228887558
D07,"The film's hackneyed message is not helped by the thin characterizations, nonexistent plot, and pretentious visual style.",NEG,POS,1,POS,9,not ,not</w>,0.00021795276552438736,0.00021795276552438736,1,-0.0013773944228887558
D07,"The film's hackneyed message is not helped by the thin characterizations, nonexistent plot, and pretentious visual style.",NEG,POS,0,NEG,10,helped ,helped</w>,-0.0019648512825369835,0.0019648512825369835,0,-0.0005344916135072708
D07,"The film's hackneyed message is not helped by the thin characterizations, nonexistent plot, and pretentious visual style.",NEG,POS,1,POS,10,helped ,helped</w>,-0.0024993428960442543,0.0024993428960442543,0,-0.0005344916135072708
D07,"The film's hackneyed message is not helped by the thin characterizations, nonexistent plot, and pretentious visual style.",NEG,POS,0,NEG,11,by ,by</w>,0.005096440513928731,0.005096440513928731,1,0.0005689611037572231
D07,"The film's hackneyed message is not helped by the thin characterizations, nonexistent plot, and pretentious visual style.",NEG,POS,1,POS,11,by ,by</w>,0.005665401617685954,0.005665401617685954,1,0.0005689611037572231
D07,"The film's hackneyed message is not helped by the thin characterizations, nonexistent plot, and pretentious visual style.",NEG,POS,0,NEG,12,the ,the</w>,0.003923668836553891,0.003923668836553891,1,6.555331250031847e-05
D07,"The film's hackneyed message is not helped by the thin characterizations, nonexistent plot, and pretentious visual style.",NEG,POS,1,POS,12,the ,the</w>,0.00398922214905421,0.00398922214905421,1,6.555331250031847e-05
D07,"The film's hackneyed message is not helped by the thin characterizations, nonexistent plot, and pretentious visual style.",NEG,POS,0,NEG,13,thin ,thin</w>,-0.0030320889006058374,0.0030320889006058374,0,0.00045238745709260276
D07,"The film's hackneyed message is not helped by the thin characterizations, nonexistent plot, and pretentious visual style.",NEG,POS,1,POS,13,thin ,thin</w>,-0.0025797014435132346,0.0025797014435132346,0,0.00045238745709260276
D07,"The film's hackneyed message is not helped by the thin characterizations, nonexistent plot, and pretentious visual style.",NEG,POS,0,NEG,14,character,character,0.002516491338610649,0.002516491338610649,1,0.0018901638686656952
D07,"The film's hackneyed message is not helped by the thin characterizations, nonexistent plot, and pretentious visual style.",NEG,POS,1,POS,14,character,character,0.004406655207276344,0.004406655207276344,1,0.0018901638686656952
D07,"The film's hackneyed message is not helped by the thin characterizations, nonexistent plot, and pretentious visual style.",NEG,POS,0,NEG,15,iz,iz,-0.002182619646191597,0.002182619646191597,0,0.0006263628602027893
D07,"The film's hackneyed message is not helped by the thin characterizations, nonexistent plot, and pretentious visual style.",NEG,POS,1,POS,15,iz,iz,-0.0015562567859888077,0.0015562567859888077,0,0.0006263628602027893
D07,"The film's hackneyed message is not helped by the thin characterizations, nonexistent plot, and pretentious visual style.",NEG,POS,0,NEG,16,ations,ations</w>,-0.002106165513396263,0.002106165513396263,0,0.0009933114051818848
D07,"The film's hackneyed message is not helped by the thin characterizations, nonexistent plot, and pretentious visual style.",NEG,POS,1,POS,16,ations,ations</w>,-0.0011128541082143784,0.0011128541082143784,0,0.0009933114051818848
D07,"The film's hackneyed message is not helped by the thin characterizations, nonexistent plot, and pretentious visual style.",NEG,POS,0,NEG,17,", ",",</w>",0.0019176919013261795,0.0019176919013261795,1,0.000710565596818924
D07,"The film's hackneyed message is not helped by the thin characterizations, nonexistent plot, and pretentious visual style.",NEG,POS,1,POS,17,", ",",</w>",0.0026282574981451035,0.0026282574981451035,1,0.000710565596818924
D07,"The film's hackneyed message is not helped by the thin characterizations, nonexistent plot, and pretentious visual style.",NEG,POS,0,NEG,18,non,non,0.0026525085171063742,0.0026525085171063742,1,-0.0013576187193393707
D07,"The film's hackneyed message is not helped by the thin characterizations, nonexistent plot, and pretentious visual style.",NEG,POS,1,POS,18,non,non,0.0012948897977670035,0.0012948897977670035,1,-0.0013576187193393707
D07,"The film's hackneyed message is not helped by the thin characterizations, nonexistent plot, and pretentious visual style.",NEG,POS,0,NEG,19,existent ,existent</w>,0.0019164954622586567,0.0019164954622586567,1,-0.0003981180489063261
D07,"The film's hackneyed message is not helped by the thin characterizations, nonexistent plot, and pretentious visual style.",NEG,POS,1,POS,19,existent ,existent</w>,0.0015183774133523307,0.0015183774133523307,1,-0.0003981180489063261
D07,"The film's hackneyed message is not helped by the thin characterizations, nonexistent plot, and pretentious visual style.",NEG,POS,0,NEG,20,plot,plot</w>,0.004576401164134343,0.004576401164134343,1,0.0010762233287096024
D07,"The film's hackneyed message is not helped by the thin characterizations, nonexistent plot, and pretentious visual style.",NEG,POS,1,POS,20,plot,plot</w>,0.0056526244928439455,0.0056526244928439455,1,0.0010762233287096024
D07,"The film's hackneyed message is not helped by the thin characterizations, nonexistent plot, and pretentious visual style.",NEG,POS,0,NEG,21,", ",",</w>",0.0031380988657474518,0.0031380988657474518,1,0.00029647164046764374
D07,"The film's hackneyed message is not helped by the thin characterizations, nonexistent plot, and pretentious visual style.",NEG,POS,1,POS,21,", ",",</w>",0.0034345705062150955,0.0034345705062150955,1,0.00029647164046764374
D07,"The film's hackneyed message is not helped by the thin characterizations, nonexistent plot, and pretentious visual style.",NEG,POS,0,NEG,22,and ,and</w>,0.0040613338351249695,0.0040613338351249695,1,-0.0006858073174953461
D07,"The film's hackneyed message is not helped by the thin characterizations, nonexistent plot, and pretentious visual style.",NEG,POS,1,POS,22,and ,and</w>,0.0033755265176296234,0.0033755265176296234,1,-0.0006858073174953461
D07,"The film's hackneyed message is not helped by the thin characterizations, nonexistent plot, and pretentious visual style.",NEG,POS,0,NEG,23,preten,preten,-5.4045114666223526e-05,5.4045114666223526e-05,0,0.0005610365420579909
D07,"The film's hackneyed message is not helped by the thin characterizations, nonexistent plot, and pretentious visual style.",NEG,POS,1,POS,23,preten,preten,0.0005069914273917674,0.0005069914273917674,1,0.0005610365420579909
D07,"The film's hackneyed message is not helped by the thin characterizations, nonexistent plot, and pretentious visual style.",NEG,POS,0,NEG,24,tious ,tious</w>,0.0035725641064345837,0.0035725641064345837,1,0.0007087592035532001
D07,"The film's hackneyed message is not helped by the thin characterizations, nonexistent plot, and pretentious visual style.",NEG,POS,1,POS,24,tious ,tious</w>,0.004281323309987784,0.004281323309987784,1,0.0007087592035532001
D07,"The film's hackneyed message is not helped by the thin characterizations, nonexistent plot, and pretentious visual style.",NEG,POS,0,NEG,25,visual ,visual</w>,-0.000489190686494112,0.000489190686494112,0,0.0009393388405442237
D07,"The film's hackneyed message is not helped by the thin characterizations, nonexistent plot, and pretentious visual style.",NEG,POS,1,POS,25,visual ,visual</w>,0.0004501481540501117,0.0004501481540501117,1,0.0009393388405442237
D07,"The film's hackneyed message is not helped by the thin characterizations, nonexistent plot, and pretentious visual style.",NEG,POS,0,NEG,26,style,style</w>,-0.00018567824736237526,0.00018567824736237526,0,0.0011098062619566917
D07,"The film's hackneyed message is not helped by the thin characterizations, nonexistent plot, and pretentious visual style.",NEG,POS,1,POS,26,style,style</w>,0.0009241280145943164,0.0009241280145943164,1,0.0011098062619566917
D07,"The film's hackneyed message is not helped by the thin characterizations, nonexistent plot, and pretentious visual style.",NEG,POS,0,NEG,27,.,.</w>,-0.000772351399064064,0.000772351399064064,0,5.000680685043337e-05
D07,"The film's hackneyed message is not helped by the thin characterizations, nonexistent plot, and pretentious visual style.",NEG,POS,1,POS,27,.,.</w>,-0.0007223445922136307,0.0007223445922136307,0,5.000680685043337e-05
D07,"The film's hackneyed message is not helped by the thin characterizations, nonexistent plot, and pretentious visual style.",NEG,POS,0,NEG,28,,<|endoftext|>,-5.960464477539063e-08,5.960464477539063e-08,0,4.470348358154297e-08
D07,"The film's hackneyed message is not helped by the thin characterizations, nonexistent plot, and pretentious visual style.",NEG,POS,1,POS,28,,<|endoftext|>,-1.4901161193847656e-08,1.4901161193847656e-08,0,4.470348358154297e-08
D08,"The film is powerful, accessible, and funny.",POS,POS,0,NEG,0,,<|startoftext|>,0.0,0.0,0,0.0
D08,"The film is powerful, accessible, and funny.",POS,POS,1,POS,0,,<|startoftext|>,0.0,0.0,0,0.0
D08,"The film is powerful, accessible, and funny.",POS,POS,0,NEG,1,The ,the</w>,0.01178048551082611,0.01178048551082611,1,0.0026121512055397034
D08,"The film is powerful, accessible, and funny.",POS,POS,1,POS,1,The ,the</w>,0.014392636716365814,0.014392636716365814,1,0.0026121512055397034
D08,"The film is powerful, accessible, and funny.",POS,POS,0,NEG,2,film ,film</w>,0.03461659140884876,0.03461659140884876,1,0.010678935796022415
D08,"The film is powerful, accessible, and funny.",POS,POS,1,POS,2,film ,film</w>,0.04529552720487118,0.04529552720487118,1,0.010678935796022415
D08,"The film is powerful, accessible, and funny.",POS,POS,0,NEG,3,is ,is</w>,0.011099638417363167,0.011099638417363167,1,-0.002152334898710251
D08,"The film is powerful, accessible, and funny.",POS,POS,1,POS,3,is ,is</w>,0.008947303518652916,0.008947303518652916,1,-0.002152334898710251
D08,"The film is powerful, accessible, and funny.",POS,POS,0,NEG,4,powerful,powerful</w>,0.00791751965880394,0.00791751965880394,1,0.004503414034843445
D08,"The film is powerful, accessible, and funny.",POS,POS,1,POS,4,powerful,powerful</w>,0.012420933693647385,0.012420933693647385,1,0.004503414034843445
D08,"The film is powerful, accessible, and funny.",POS,POS,0,NEG,5,", ",",</w>",0.0002374798059463501,0.0002374798059463501,1,0.003229498863220215
D08,"The film is powerful, accessible, and funny.",POS,POS,1,POS,5,", ",",</w>",0.003466978669166565,0.003466978669166565,1,0.003229498863220215
D08,"The film is powerful, accessible, and funny.",POS,POS,0,NEG,6,accessible,accessible</w>,-0.011151164770126343,0.011151164770126343,0,-6.716698408126831e-05
D08,"The film is powerful, accessible, and funny.",POS,POS,1,POS,6,accessible,accessible</w>,-0.011218331754207611,0.011218331754207611,0,-6.716698408126831e-05
D08,"The film is powerful, accessible, and funny.",POS,POS,0,NEG,7,", ",",</w>",-0.0029925554990768433,0.0029925554990768433,0,0.0008056089282035828
D08,"The film is powerful, accessible, and funny.",POS,POS,1,POS,7,", ",",</w>",-0.0021869465708732605,0.0021869465708732605,0,0.0008056089282035828
D08,"The film is powerful, accessible, and funny.",POS,POS,0,NEG,8,and ,and</w>,0.003880925476551056,0.003880925476551056,1,-0.0009643733501434326
D08,"The film is powerful, accessible, and funny.",POS,POS,1,POS,8,and ,and</w>,0.0029165521264076233,0.0029165521264076233,1,-0.0009643733501434326
D08,"The film is powerful, accessible, and funny.",POS,POS,0,NEG,9,funny,funny</w>,0.020941536873579025,0.020941536873579025,1,0.003287244588136673
D08,"The film is powerful, accessible, and funny.",POS,POS,1,POS,9,funny,funny</w>,0.024228781461715698,0.024228781461715698,1,0.003287244588136673
D08,"The film is powerful, accessible, and funny.",POS,POS,0,NEG,10,.,.</w>,0.0007689259946346283,0.0007689259946346283,1,-0.0004483051598072052
D08,"The film is powerful, accessible, and funny.",POS,POS,1,POS,10,.,.</w>,0.0003206208348274231,0.0003206208348274231,1,-0.0004483051598072052
D08,"The film is powerful, accessible, and funny.",POS,POS,0,NEG,11,,<|endoftext|>,0.0,0.0,0,0.0
D08,"The film is powerful, accessible, and funny.",POS,POS,1,POS,11,,<|endoftext|>,0.0,0.0,0,0.0
D09,I got a headache watching this meaningless downer.,NEG,NEG,0,NEG,0,,<|startoftext|>,7.450580596923828e-09,7.450580596923828e-09,1,-7.450580596923828e-09
D09,I got a headache watching this meaningless downer.,NEG,NEG,1,POS,0,,<|startoftext|>,0.0,0.0,0,-7.450580596923828e-09
D09,I got a headache watching this meaningless downer.,NEG,NEG,0,NEG,1,I ,i</w>,0.0021175965666770935,0.0021175965666770935,1,-0.0003216788172721863
D09,I got a headache watching this meaningless downer.,NEG,NEG,1,POS,1,I ,i</w>,0.0017959177494049072,0.0017959177494049072,1,-0.0003216788172721863
D09,I got a headache watching this meaningless downer.,NEG,NEG,0,NEG,2,got ,got</w>,0.024848267436027527,0.024848267436027527,1,0.0014992952346801758
D09,I got a headache watching this meaningless downer.,NEG,NEG,1,POS,2,got ,got</w>,0.026347562670707703,0.026347562670707703,1,0.0014992952346801758
D09,I got a headache watching this meaningless downer.,NEG,NEG,0,NEG,3,a ,a</w>,-0.007157281041145325,0.007157281041145325,0,2.4259090423583984e-05
D09,I got a headache watching this meaningless downer.,NEG,NEG,1,POS,3,a ,a</w>,-0.007133021950721741,0.007133021950721741,0,2.4259090423583984e-05
D09,I got a headache watching this meaningless downer.,NEG,NEG,0,NEG,4,headache ,headache</w>,-0.009836815297603607,0.009836815297603607,0,-0.004468835890293121
D09,I got a headache watching this meaningless downer.,NEG,NEG,1,POS,4,headache ,headache</w>,-0.014305651187896729,0.014305651187896729,0,-0.004468835890293121
D09,I got a headache watching this meaningless downer.,NEG,NEG,0,NEG,5,watching ,watching</w>,0.02234400063753128,0.02234400063753128,1,0.0015239566564559937
D09,I got a headache watching this meaningless downer.,NEG,NEG,1,POS,5,watching ,watching</w>,0.023867957293987274,0.023867957293987274,1,0.0015239566564559937
D09,I got a headache watching this meaningless downer.,NEG,NEG,0,NEG,6,this ,this</w>,0.025250142440199852,0.025250142440199852,1,0.00015842542052268982
D09,I got a headache watching this meaningless downer.,NEG,NEG,1,POS,6,this ,this</w>,0.025408567860722542,0.025408567860722542,1,0.00015842542052268982
D09,I got a headache watching this meaningless downer.,NEG,NEG,0,NEG,7,meaningless ,meaningless</w>,-0.009382432326674461,0.009382432326674461,0,-0.004296757280826569
D09,I got a headache watching this meaningless downer.,NEG,NEG,1,POS,7,meaningless ,meaningless</w>,-0.01367918960750103,0.01367918960750103,0,-0.004296757280826569
D09,I got a headache watching this meaningless downer.,NEG,NEG,0,NEG,8,downer,downer</w>,-0.013669699430465698,0.013669699430465698,0,-0.0045118145644664764
D09,I got a headache watching this meaningless downer.,NEG,NEG,1,POS,8,downer,downer</w>,-0.018181513994932175,0.018181513994932175,0,-0.0045118145644664764
D09,I got a headache watching this meaningless downer.,NEG,NEG,0,NEG,9,.,.</w>,-0.0038257986307144165,0.0038257986307144165,0,-0.0012857168912887573
D09,I got a headache watching this meaningless downer.,NEG,NEG,1,POS,9,.,.</w>,-0.005111515522003174,0.005111515522003174,0,-0.0012857168912887573
D09,I got a headache watching this meaningless downer.,NEG,NEG,0,NEG,10,,<|endoftext|>,5.960464477539063e-08,5.960464477539063e-08,1,5.960464477539063e-08
D09,I got a headache watching this meaningless downer.,NEG,NEG,1,POS,10,,<|endoftext|>,1.1920928955078125e-07,1.1920928955078125e-07,1,5.960464477539063e-08
D10,I had to look away; this was god-awful.,NEG,NEG,0,NEG,0,,<|startoftext|>,1.30385160446167e-08,1.30385160446167e-08,1,-1.6763806343078613e-08
D10,I had to look away; this was god-awful.,NEG,NEG,1,POS,0,,<|startoftext|>,-3.725290298461914e-09,3.725290298461914e-09,0,-1.6763806343078613e-08
D10,I had to look away; this was god-awful.,NEG,NEG,0,NEG,1,I ,i</w>,-0.001869330182671547,0.001869330182671547,0,-0.00024010427296161652
D10,I had to look away; this was god-awful.,NEG,NEG,1,POS,1,I ,i</w>,-0.0021094344556331635,0.0021094344556331635,0,-0.00024010427296161652
D10,I had to look away; this was god-awful.,NEG,NEG,0,NEG,2,had ,had</w>,0.01165747456252575,0.01165747456252575,1,0.0001663733273744583
D10,I had to look away; this was god-awful.,NEG,NEG,1,POS,2,had ,had</w>,0.011823847889900208,0.011823847889900208,1,0.0001663733273744583
D10,I had to look away; this was god-awful.,NEG,NEG,0,NEG,3,to ,to</w>,0.0036688055843114853,0.0036688055843114853,1,0.0006135348230600357
D10,I had to look away; this was god-awful.,NEG,NEG,1,POS,3,to ,to</w>,0.004282340407371521,0.004282340407371521,1,0.0006135348230600357
D10,I had to look away; this was god-awful.,NEG,NEG,0,NEG,4,look ,look</w>,0.007693300023674965,0.007693300023674965,1,-0.003060920163989067
D10,I had to look away; this was god-awful.,NEG,NEG,1,POS,4,look ,look</w>,0.004632379859685898,0.004632379859685898,1,-0.003060920163989067
D10,I had to look away; this was god-awful.,NEG,NEG,0,NEG,5,away,away</w>,-0.007851919159293175,0.007851919159293175,0,-0.00235891155898571
D10,I had to look away; this was god-awful.,NEG,NEG,1,POS,5,away,away</w>,-0.010210830718278885,0.010210830718278885,0,-0.00235891155898571
D10,I had to look away; this was god-awful.,NEG,NEG,0,NEG,6,; ,;</w>,0.0030273813754320145,0.0030273813754320145,1,0.0017488393932580948
D10,I had to look away; this was god-awful.,NEG,NEG,1,POS,6,; ,;</w>,0.004776220768690109,0.004776220768690109,1,0.0017488393932580948
D10,I had to look away; this was god-awful.,NEG,NEG,0,NEG,7,this ,this</w>,0.011862518265843391,0.011862518265843391,1,7.558800280094147e-05
D10,I had to look away; this was god-awful.,NEG,NEG,1,POS,7,this ,this</w>,0.011938106268644333,0.011938106268644333,1,7.558800280094147e-05
D10,I had to look away; this was god-awful.,NEG,NEG,0,NEG,8,was ,was</w>,-0.004630105569958687,0.004630105569958687,0,-0.0007745828479528427
D10,I had to look away; this was god-awful.,NEG,NEG,1,POS,8,was ,was</w>,-0.0054046884179115295,0.0054046884179115295,0,-0.0007745828479528427
D10,I had to look away; this was god-awful.,NEG,NEG,0,NEG,9,god,god</w>,-0.008549453690648079,0.008549453690648079,0,0.001081058755517006
D10,I had to look away; this was god-awful.,NEG,NEG,1,POS,9,god,god</w>,-0.007468394935131073,0.007468394935131073,0,0.001081058755517006
D10,I had to look away; this was god-awful.,NEG,NEG,0,NEG,10,-,-</w>,-0.005459470674395561,0.005459470674395561,0,0.0002254825085401535
D10,I had to look away; this was god-awful.,NEG,NEG,1,POS,10,-,-</w>,-0.005233988165855408,0.005233988165855408,0,0.0002254825085401535
D10,I had to look away; this was god-awful.,NEG,NEG,0,NEG,11,awful,awful</w>,0.027135754004120827,0.027135754004120827,1,-0.007885092869400978
D10,I had to look away; this was god-awful.,NEG,NEG,1,POS,11,awful,awful</w>,0.01925066113471985,0.01925066113471985,1,-0.007885092869400978
D10,I had to look away; this was god-awful.,NEG,NEG,0,NEG,12,.,.</w>,0.0037700459361076355,0.0037700459361076355,1,-0.0003956332802772522
D10,I had to look away; this was god-awful.,NEG,NEG,1,POS,12,.,.</w>,0.0033744126558303833,0.0033744126558303833,1,-0.0003956332802772522
D10,I had to look away; this was god-awful.,NEG,NEG,0,NEG,13,,<|endoftext|>,-2.9802322387695312e-08,2.9802322387695312e-08,0,8.940696716308594e-08
D10,I had to look away; this was god-awful.,NEG,NEG,1,POS,13,,<|endoftext|>,5.960464477539063e-08,5.960464477539063e-08,1,8.940696716308594e-08
